date,txVolume(USD),txCount,marketcap(USD),price(USD),exchangeVolume(USD),medianTxValue(USD),activeAddresses,paymentCount,blockCount
2017-06-20,,1,,,,,2,1,,
2017-06-21,,,,,,,,,,
2017-06-22,,,,,,,,,,
2017-06-23,,,,,,,,,,
2017-06-24,,,,,,,,,,
2017-06-25,,,,,,,,,,
2017-06-26,,,,,,,,,,
2017-06-27,,,,,,,,,,
2017-06-28,,,,,,,,,,
2017-06-29,,,,,,,,,,
2017-06-30,,,,,,,,,,
2017-07-01,,,0.0,1.03,13613000.0,,,,,
2017-07-02,43805833.2079,13430,0.0,0.996521,320452000.0,303.374325532,8274,13430,,
2017-07-03,115767930.243,25440,0.0,2.72,414950016.0,248.805591061,12510,25440,,
2017-07-04,64268039.193,15360,656753152.0,4.1,218559008.0,66.1009344418,7174,15360,,
2017-07-05,77512692.3777,13733,547543936.0,3.36,124339000.0,3.36,5758,13733,,
2017-07-06,96279511.9036,20241,502465408.0,3.01,177463008.0,31.239285,9250,20241,,
2017-07-07,47604785.3616,11415,566643840.0,3.35,96596496.0,60.1149599405,5357,11415,,
2017-07-08,82262221.4372,8490,485187680.0,2.82,151162000.0,56.4,3824,8490,,
2017-07-09,88548363.1793,8924,491956832.0,2.6,87525104.0,80.6,4472,8924,,
2017-07-10,42827979.9981,11608,464610592.0,2.25,79608800.0,292.5,7129,11608,,
2017-07-11,66540266.169,13162,372111424.0,1.79,111023000.0,197.035685812,8069,13162,,
2017-07-12,86440534.9106,18155,346085056.0,1.64,104621000.0,307.9798968,11870,18155,,
2017-07-13,24739184.2788,8664,443419584.0,2.08,51203900.0,83.2,4446,8664,,
2017-07-14,26216280.8565,10261,371674688.0,1.73,41025200.0,112.171315707,4836,10261,,
2017-07-15,18677267.6436,7194,339219008.0,1.55,34208800.0,84.3295945,3551,7194,,
2017-07-16,14510090.0731,7227,284275968.0,1.29,30802800.0,11.61,2884,7227,,
2017-07-17,12352143.679,7914,278755424.0,1.25,62295100.0,0.625,2809,7914,,
2017-07-18,18354027.8538,8893,345694016.0,1.54,58108000.0,0.0,2850,8893,,
2017-07-19,27620826.7512,8208,384563328.0,1.7,55057600.0,0.0,2896,8208,,
2017-07-20,23032064.1422,6403,357758304.0,1.57,45949800.0,17.113,2804,6403,,
2017-07-21,20821369.8318,8498,404351328.0,1.76,58164900.0,10.56,3471,8498,,
2017-07-22,27790392.2442,11755,421938048.0,1.82,41809000.0,182.0,6290,11755,,
2017-07-23,30488789.2973,9791,459831552.0,1.96,60205000.0,22.365460051,4329,9791,,
2017-07-24,36880491.6788,13750,445117504.0,1.88,36585400.0,14.654664202,5695,13750,,
2017-07-25,19333392.2593,9570,448823456.0,1.88,42547000.0,0.0,2826,9570,,
2017-07-26,32028439.5025,10056,396121312.0,1.64,48693200.0,4.92,3792,10056,,
2017-07-27,43100577.6788,14681,425311936.0,1.75,69371696.0,102.5675,7047,14681,,
2017-07-28,67773874.7954,19258,481391776.0,1.96,64730400.0,209.577997159,9982,19258,,
2017-07-29,16073234.924,8317,452704384.0,1.83,44021100.0,0.0,2565,8317,,
2017-07-30,75470974.017,15427,455967264.0,1.83,27580200.0,183.0,8317,15427,,
2017-07-31,79213795.5737,24688,446573728.0,1.77,29657700.0,353.6586024,15844,24688,,
2017-08-01,17060062.0682,11401,442971328.0,1.75,39175500.0,0.0,2766,11401,,
2017-08-02,110321000.28,9723,455223168.0,1.78,28880800.0,0.0,3028,9723,,
2017-08-03,18861870.6055,8384,457633856.0,1.78,25878000.0,0.0,2915,8384,,
2017-08-04,23953691.2494,8456,467884224.0,1.8,34183300.0,0.0,2918,8456,,
2017-08-05,21431508.3439,11255,471268032.0,1.8,52324800.0,0.0,3968,11255,,
2017-08-06,32053351.4117,11742,501777984.0,1.9,38436700.0,0.0,3795,11742,,
2017-08-07,22686132.0884,9376,462733312.0,1.73,46022400.0,0.0,3127,9376,,
2017-08-08,31203340.8635,9449,487776640.0,1.81,76270800.0,0.0,3350,9449,,
2017-08-09,17732397.1934,9126,510157344.0,1.88,36813700.0,0.0,2848,9126,,
2017-08-10,15401801.5817,7636,501168832.0,1.83,43519300.0,0.0,2739,7636,,
2017-08-11,27645340.6382,8574,504138176.0,1.83,49178400.0,16.47,3571,8574,,
2017-08-12,19974077.4403,7335,495957120.0,1.79,38131800.0,30.9541184295,3274,7335,,
2017-08-13,50489905.9386,10886,465779744.0,1.67,40514200.0,31.2650775778,4502,10886,,
2017-08-14,117611255.945,12843,453328480.0,1.61,39205300.0,90.5239512387,5766,12843,,
2017-08-15,32547026.7515,10251,469852800.0,1.66,58304700.0,230.610609258,4820,10251,,
2017-08-16,15621430.8321,7455,468738752.0,1.64,24022000.0,0.0,2665,7455,,
2017-08-17,19721296.9703,8843,459650432.0,1.6,25713300.0,0.0,3138,8843,,
2017-08-18,17882785.0957,8711,445569952.0,1.54,26841700.0,0.0,3165,8711,,
2017-08-19,24960348.0733,9205,414746176.0,1.42,24769900.0,29.6537109284,4621,9205,,
2017-08-20,28484507.43,9591,412029408.0,1.4,15673200.0,159.8058,5738,9591,,
2017-08-21,13534346.0238,6759,404723968.0,1.37,20152300.0,0.0,2365,6759,,
2017-08-22,15410527.6706,6020,397992640.0,1.34,23774300.0,0.00268,2181,6020,,
2017-08-23,20903338.674,6301,384808096.0,1.29,36567800.0,4.5402320388,2488,6301,,
2017-08-24,11947149.3045,6519,426381536.0,1.41,18034600.0,0.0,2134,6519,,
2017-08-25,19418612.4525,6386,419363232.0,1.38,20444500.0,0.0,2222,6386,,
2017-08-26,12248521.2729,6787,421157184.0,1.38,16466000.0,0.0,2411,6787,,
2017-08-27,12802911.843,5949,418196384.0,1.36,18124100.0,5.44,2650,5949,,
2017-08-28,15050415.9924,6655,417815584.0,1.35,18414400.0,12.8644382925,3044,6655,,
2017-08-29,18277580.875,4927,417121376.0,1.34,18993200.0,1.1656506168,1976,4927,,
2017-08-30,25655471.6045,9534,411683072.0,1.31,24068700.0,60.3786056511,5092,9534,,
2017-08-31,14304077.0198,5398,388848576.0,1.23,22926100.0,0.0,1943,5398,,
2017-09-01,20893472.432,7306,415441344.0,1.3,25853000.0,0.0,2757,7306,,
2017-09-02,20422167.9796,5831,417176800.0,1.3,38741300.0,0.0,1940,5831,,
2017-09-03,21945477.741,8643,399539616.0,1.24,22618600.0,0.0,2388,8643,,
2017-09-04,62520262.7529,12564,406951872.0,1.25,43045400.0,0.0,4166,12564,,
2017-09-05,53702081.4069,19529,277361664.0,0.848252,30273900.0,41.5219354,7870,19529,,
2017-09-06,72331343.517,26189,293039712.0,0.891735,26208300.0,267.254548954,14165,26189,,
2017-09-07,58100192.9196,23188,304901184.0,0.921946,22912100.0,92.1946,11936,23188,,
2017-09-08,191736833.416,25699,325195232.0,0.977746,18650200.0,230.6502814,14434,25699,,
2017-09-09,51804295.6531,18620,278741216.0,0.83378,10281100.0,252.3077395,10836,18620,,
2017-09-10,17072094.5132,11247,266890592.0,0.793394,9494440.0,0.0,3852,11247,,
2017-09-11,13358000.926,12113,250148256.0,0.739553,7763470.0,0.0,3790,12113,,
2017-09-12,17849678.5084,13857,248239088.0,0.730094,15475800.0,0.0,4288,13857,,
2017-09-13,14625311.0395,9144,287468448.0,0.841224,12370500.0,0.0,3025,9144,,
2017-09-14,16825402.9399,8256,249825344.0,0.727394,13131300.0,0.0,2899,8256,,
2017-09-15,12627744.5071,9683,208566656.0,0.60337,13121900.0,9.8288973,4318,9683,,
2017-09-16,11649221.6782,8245,231741376.0,0.666501,5602950.0,3.94174023408,3396,8245,,
2017-09-17,7568535.22423,7316,218103792.0,0.624291,8685770.0,0.2253066219,2874,7316,,
2017-09-18,11189285.9598,8664,228544352.0,0.650438,9065170.0,0.0,3219,8664,,
2017-09-19,9179459.52409,7907,250256736.0,0.708194,5520750.0,0.0,2743,7907,,
2017-09-20,6429109.7691,4979,231481056.0,0.651858,6087520.0,0.64166294088,2071,4979,,
2017-09-21,9560875.43658,7509,219927664.0,0.615818,6972060.0,0.0,2127,7509,,
2017-09-22,4772802.19254,4999,197242208.0,0.547718,4556540.0,0.0,1885,4999,,
2017-09-23,6087634.5614,5360,206350016.0,0.57079,4809880.0,0.0,1580,5360,,
2017-09-24,7900336.819,3795,210745712.0,0.580243,7534280.0,1.9314233611,1454,3795,,
2017-09-25,6144175.05859,4675,199969568.0,0.546514,5592430.0,0.0,1522,4675,,
2017-09-26,8140331.72954,6452,209782944.0,0.570981,5789570.0,0.0,2765,6452,,
2017-09-27,5105262.92199,5320,207167216.0,0.560208,11395600.0,0.0,1786,5320,,
2017-09-28,12631026.154,7545,234912128.0,0.63294,22672400.0,0.0,2640,7545,,
2017-09-29,12583629.4156,4562,305136352.0,0.816964,15499400.0,66.9047252391,2350,4562,,
2017-09-30,9149147.17822,2964,269796032.0,0.718682,10179600.0,171.010042023,1899,2964,,
2017-10-01,9187801.29002,2278,272363136.0,0.721765,8938190.0,116.710936171,1404,2278,,
2017-10-02,9732838.23858,2289,268424688.0,0.707986,8299880.0,108.068201827,1529,2289,,
2017-10-03,7797188.60452,1795,248942752.0,0.652812,7114830.0,97.3118979856,1305,1795,,
2017-10-04,6471493.98135,1994,242210144.0,0.631988,5449300.0,80.552332373,1282,1994,,
2017-10-05,5466697.95023,1688,230827328.0,0.599336,8038660.0,132.921007781,1174,1688,,
2017-10-06,5046469.05621,1901,234979808.0,0.606706,6785670.0,67.764206552,1218,1901,,
2017-10-07,4707603.14955,1850,233479968.0,0.599816,6250760.0,94.0230394968,1195,1850,,
2017-10-08,6183728.3645,1793,229723968.0,0.587396,5854700.0,188.85436924,1335,1793,,
2017-10-09,7217093.5361,2240,237202272.0,0.603543,6657950.0,109.861150631,1492,2240,,
2017-10-10,5491937.17547,2084,220245616.0,0.557554,7701180.0,98.8667463442,1495,2084,,
2017-10-11,11510904.4924,2214,220811056.0,0.556461,8705650.0,140.631483859,1490,2214,,
2017-10-12,7197768.17818,2442,243332976.0,0.610294,8681880.0,183.0271706,1739,2442,,
2017-10-13,7793926.17526,2297,237037136.0,0.591619,8587370.0,177.4857,1824,2297,,
2017-10-14,7626053.39328,2194,235451232.0,0.584829,6436220.0,106.385836168,1499,2194,,
2017-10-15,5019206.43972,2040,236823888.0,0.58344,6573060.0,115.316916,1413,2040,,
2017-10-16,5102915.33733,2187,232973648.0,0.571853,6005900.0,85.77795,1501,2187,,
2017-10-17,8857903.53999,2464,230284320.0,0.562389,6374050.0,61.1897882456,1571,2464,,
2017-10-18,5599113.99275,1658,228419648.0,0.554269,7320330.0,154.583622477,1357,1658,,
2017-10-19,6411524.83079,2342,225606320.0,0.545624,8084770.0,191.245849804,1686,2342,,
2017-10-20,7258751.62652,2137,235831024.0,0.566626,6150650.0,113.3252,1468,2137,,
2017-10-21,5154074.16131,2150,226052512.0,0.540259,7066060.0,200.71192417,1537,2150,,
2017-10-22,4982556.82747,2170,221104704.0,0.526479,5538990.0,114.790067243,1455,2170,,
2017-10-23,5891267.76531,2195,218356624.0,0.517658,6162350.0,144.507420617,1556,2195,,
2017-10-24,4654167.14985,2205,208860400.0,0.49279,7089410.0,147.837,1608,2205,,
2017-10-25,4571744.63454,1915,219134576.0,0.514902,5046620.0,145.893092413,1381,1915,,
2017-10-26,11170573.8737,2356,215750720.0,0.50434,5314240.0,55.9081968109,1429,2356,,
2017-10-27,3457809.44961,1900,223173760.0,0.518989,4730120.0,116.385598006,1330,1900,,
2017-10-28,5360674.55935,2048,225217136.0,0.522242,5960600.0,144.570897647,1432,2048,,
2017-10-29,10985541.5519,3459,232440784.0,0.536399,19902600.0,265.388388944,2403,3459,,
2017-10-30,10983533.1939,4297,291212032.0,0.667644,20481800.0,227.41563662,3193,4297,,
2017-10-31,10026050.5851,3336,312267776.0,0.712702,16200000.0,233.269931353,2343,3336,,
2017-11-01,26875146.3831,7755,345787136.0,0.785862,74917400.0,245.16899564,5227,7755,,
2017-11-02,34762487.0969,9482,462450912.0,1.05,68358600.0,245.734021239,6397,9482,,
2017-11-03,30530374.0987,8829,496752768.0,1.12,59247900.0,223.142473882,6002,8829,,
2017-11-04,18722511.845,5944,536628192.0,1.2,37546000.0,238.8,3894,5944,,
2017-11-05,17324010.0059,4719,498620832.0,1.11,32996400.0,222.999,3147,4719,,
2017-11-06,18562643.5394,5190,481153824.0,1.07,26059800.0,271.165759722,3331,5190,,
2017-11-07,20339233.2655,3908,417944448.0,0.921145,16941200.0,228.82213608,2742,3908,,
2017-11-08,16766603.4148,4540,436217216.0,0.95102,37971000.0,299.314762239,3254,4540,,
2017-11-09,16862216.2773,5079,521917760.0,1.13,24725800.0,168.758268,3346,5079,,
2017-11-10,17194323.0933,3797,546866304.0,1.18,23024200.0,351.64,2961,3797,,
2017-11-11,16580673.6856,3602,478130272.0,1.03,27539300.0,334.935422392,2629,3602,,
2017-11-12,19473111.8691,6278,541171456.0,1.16,29229800.0,294.774380708,4759,6278,,
2017-11-13,21910648.7464,3373,513122400.0,1.09,20848600.0,492.0914,2742,3373,,
2017-11-14,42562641.3633,8107,555067456.0,1.18,107326000.0,544.21623921,6136,8107,,
2017-11-15,47072672.5385,8873,794660480.0,1.68,64150700.0,406.223999832,6722,8873,,
2017-11-16,39792065.6246,9642,800620160.0,1.67,64675200.0,498.328,8073,9642,,
2017-11-17,50636969.5448,8193,797405120.0,1.66,50782500.0,498.0,7187,8193,,
2017-11-18,37120478.3662,6359,840206208.0,1.74,52951400.0,348.0,4667,6359,,
2017-11-19,35159489.8493,6645,928877184.0,1.92,55081600.0,362.593032173,5088,6645,,
2017-11-20,39144610.5788,7123,917195584.0,1.89,55477200.0,378.0,5375,7123,,
2017-11-21,62773249.2072,7297,976585024.0,2.0,56022900.0,514.40812784,5516,7297,,
2017-11-22,41516143.8026,6121,937115264.0,1.91,44297600.0,404.248805525,4621,6121,,
2017-11-23,41359969.0083,7994,929842240.0,1.89,42235000.0,808.1419815,6906,7994,,
2017-11-24,32640814.4876,4532,936708224.0,1.89,44111800.0,718.692345,3613,4532,,
2017-11-25,112743331.135,7604,934125440.0,1.88,48591800.0,910.760643983,5779,7604,,
2017-11-26,81696776.9002,9305,1023902912.0,2.05,116846000.0,633.8395,7732,9305,,
2017-11-27,63188616.9488,10370,1229347840.0,2.46,126962000.0,430.868494864,8561,10370,,
2017-11-28,180023449.381,12577,1440196224.0,2.86,98904096.0,560.56,9666,12577,,
2017-11-29,88233196.8704,10986,1407008768.0,2.79,133125000.0,557.163,8533,10986,,
2017-11-30,125375374.673,10537,1401529600.0,2.76,92059600.0,874.92,7977,10537,,
2017-12-01,152080709.62,9876,1443755520.0,2.83,74402000.0,849.046122406,6953,9876,,
2017-12-02,112499465.916,12175,1661259520.0,3.24,163479008.0,710.4672,9293,12175,,
2017-12-03,136442394.511,12710,2026221440.0,3.94,132280000.0,592.096667519,9879,12710,,
2017-12-04,91096775.7522,9272,1865925504.0,3.61,163900000.0,714.47491251,7433,9272,,
2017-12-05,79892068.9674,6045,2107439744.0,4.06,181418000.0,1624.0,5230,6045,,
2017-12-06,94572240.9248,7239,2219993600.0,4.27,200252992.0,1061.13343,6137,7239,,
2017-12-07,70673436.0271,4951,2358119936.0,4.52,183666000.0,1134.017602,4419,4951,,
2017-12-08,128796198.245,7063,2093352448.0,3.99,149508000.0,1126.43125292,5989,7063,,
2017-12-09,241478642.041,13820,2254295296.0,4.28,133142000.0,3296.59556258,12328,13820,,
2017-12-10,99966861.8298,8142,2152678144.0,4.07,98890000.0,1083.42222069,7097,8142,,
2017-12-11,92470408.5145,6971,2000148352.0,3.77,153155008.0,1068.795,5904,6971,,
2017-12-12,148589147.631,10291,2331870720.0,4.38,266450000.0,1228.4643505,7805,10291,,
2017-12-13,461446034.068,17911,2846320128.0,5.32,663820992.0,1545.607364,14164,17911,,
2017-12-14,376134858.416,16510,3887062528.0,7.24,613600000.0,1504.7978,12751,16510,,
2017-12-15,324844513.995,13671,4531336704.0,8.41,640457984.0,1330.31903,11098,13671,,
2017-12-16,238320593.896,14767,4405777920.0,8.14,540462016.0,773.3,12188,14767,,
2017-12-17,166759225.277,12094,4673795072.0,8.6,361464000.0,1075.00272866,9897,12094,,
2017-12-18,217823833.191,10508,4478704640.0,8.22,577649984.0,1639.00224,8459,10508,,
2017-12-19,403315124.207,16567,5057769984.0,9.24,1688240000.0,1841.553252,12848,16567,,
2017-12-20,341845080.228,12371,6840157696.0,12.45,775977024.0,1875.4462125,9632,12371,,
2017-12-21,297755831.368,12324,6591515136.0,11.96,349756000.0,2192.30800614,10040,12324,,
2017-12-22,517925271.411,13440,5898343424.0,10.66,612398016.0,3141.9817,9642,13440,,
2017-12-23,225432209.559,10791,4437100032.0,7.97,233174000.0,1435.54843,8253,10791,,
2017-12-24,185108525.37,9102,4753620480.0,8.51,192175008.0,2047.8399324,7080,9102,,
2017-12-25,176279936.441,8044,4597288960.0,8.2,337892992.0,2454.52158,6662,8044,,
2017-12-26,179382834.176,7553,5497601536.0,9.77,336595008.0,1609.6936714,5979,7553,,
2017-12-27,169914974.991,8048,5551813120.0,9.83,530216000.0,1677.89323745,6362,8048,,
2017-12-28,253557471.326,9598,5978452992.0,10.54,478886016.0,2098.514,7415,9598,,
2017-12-29,179374909.412,7357,5459444736.0,9.6,448089984.0,1644.22283986,5851,7357,,
2017-12-30,198481654.603,7991,5402017792.0,9.46,499400000.0,1889.72014,6340,7991,,
2017-12-31,173161060.237,7065,4876509184.0,8.51,312308000.0,1702.0,5802,7065,,
2018-01-01,188556811.515,8883,5041597440.0,8.77,331072992.0,1043.42130943,7477,8883,,
2018-01-02,525673017.3,8552,5144576512.0,8.91,552188992.0,1477.24980569,6952,8552,,
2018-01-03,165216649.389,12256,5394842112.0,9.32,529459008.0,989.327408121,10228,12256,,
2018-01-04,192413354.514,9776,6076406272.0,10.45,1204969984.0,1666.775,8328,9776,,
2018-01-05,167075702.707,8387,6549905920.0,11.23,618755008.0,1684.5,7669,8387,,
2018-01-06,172271529.214,9341,6324243968.0,10.81,688819008.0,1562.219041,8297,9341,,
2018-01-07,204175737.851,9775,7495317504.0,12.77,781497024.0,1792.80904272,8757,9775,,
2018-01-08,505012108.539,12520,7367782912.0,12.51,697174976.0,2414.43,9647,12520,,
2018-01-09,230127510.014,10403,5711469056.0,9.67,546937024.0,1825.7927,8384,10403,,
2018-01-10,245048026.389,9468,5534141952.0,9.33,1211789952.0,2066.72946078,7339,9468,,
2018-01-11,251132944.723,10956,6741697024.0,11.33,1161849984.0,2051.762163,8304,10956,,
2018-01-12,389209087.027,15847,6804434432.0,11.4,2449370112.0,1697.46,13026,15847,,
2018-01-13,328130722.825,19493,8336866304.0,13.92,3379130112.0,1404.50016,16410,19493,,
2018-01-14,373672680.735,15255,9718774784.0,16.17,1162419968.0,1614.4128,12756,15255,,
2018-01-15,210160248.134,10759,8110090240.0,13.42,806380992.0,1342.0,9196,10759,,
2018-01-16,320959195.801,13550,7857839104.0,12.96,1599730048.0,1628.42934626,11420,13550,,
2018-01-17,271714617.233,13927,6209046528.0,10.2,1625250048.0,1392.184332,11181,13927,,
2018-01-18,300445152.054,14278,6230179328.0,10.2,1266300032.0,2027.9673468,12101,14278,,
2018-01-19,187616780.621,9358,6365037568.0,10.38,845596032.0,1394.62014661,7517,9358,,
2018-01-20,336737012.239,14486,6920578560.0,11.25,2777449984.0,1811.93623058,10783,14486,,
2018-01-21,575535803.089,11496,9666483200.0,15.66,2887800064.0,2944.76017065,9158,11496,,
2018-01-22,285712185.143,11768,8385478144.0,13.54,2902200064.0,1885.2404783,9306,11768,,
2018-01-23,289293170.997,10790,8432506880.0,13.57,1614680064.0,2046.6549471,8606,10790,,
2018-01-24,237101263.61,9882,8112746496.0,13.01,1050800000.0,1866.39658226,8124,9882,,
2018-01-25,251193340.781,10451,8734499840.0,13.96,1546860032.0,1653.7016,8244,10451,,
2018-01-26,235212764.018,9557,8958125056.0,14.28,1444039936.0,1694.0638176,7568,9557,,
2018-01-27,250225262.404,9091,9027388416.0,14.34,653830976.0,1861.20294,7620,9091,,
2018-01-28,310627453.593,10884,9057848320.0,14.34,646950016.0,1740.3711066,8839,10884,,
2018-01-29,313202617.591,8966,9524431872.0,15.03,565307008.0,1888.06460751,6976,8966,,
2018-01-30,389769716.127,13228,8918291456.0,14.03,980342016.0,3183.31414701,10456,13228,,
2018-01-31,302865094.733,9936,7309743616.0,11.46,1008809984.0,1784.9713809,7313,9936,,
2018-02-01,452801572.173,10570,7826059776.0,12.24,919859008.0,2444.5947096,7809,10570,,
2018-02-02,369947473.542,11829,6528441344.0,10.17,1534140032.0,2222.7552,8314,11829,,
2018-02-03,262768788.992,8063,6290737152.0,9.77,736278016.0,1753.3242,6201,8063,,
2018-02-04,461252651.931,9306,6306873344.0,9.77,588172032.0,2432.13010783,6620,9306,,
2018-02-05,269208892.108,10194,5618384896.0,8.68,640158976.0,2593.59438128,7096,10194,,
2018-02-06,373620939.569,11722,4659177472.0,7.17,1304850048.0,2151.0,8252,11722,,
2018-02-07,175055151.661,8092,5439427072.0,8.35,762883968.0,1850.82927,5937,8092,,
2018-02-08,95619564.2465,5573,5019675648.0,7.66,542067968.0,1513.77526591,4384,5573,,
2018-02-09,134613221.953,7084,5584730624.0,8.5,507606016.0,1653.65744085,5542,7084,,
2018-02-10,178768764.106,8362,6334330880.0,9.61,609065984.0,2007.1729495,6432,8362,,
2018-02-11,194093349.714,6968,6007741952.0,9.09,408012992.0,2727.0,5388,6968,,
2018-02-12,124021748.726,6102,5609459200.0,8.45,353976000.0,1690.44785004,4830,6102,,
2018-02-13,121568315.908,6026,6113091584.0,9.18,365436000.0,1101.6,4774,6026,,
2018-02-14,341017590.353,8084,6160923136.0,9.23,480308992.0,1620.92086585,5828,8084,,
2018-02-15,136864808.702,10791,6656238592.0,9.94,392064992.0,397.6,5143,10791,,
2018-02-16,136850827.24,14640,6817048064.0,10.15,249798000.0,223.3,4438,14640,,
2018-02-17,177780279.225,17660,6746402816.0,10.01,276848992.0,281.699383355,4968,17660,,
2018-02-18,161871355.107,17766,6860990464.0,10.16,353808000.0,232.13216403,4522,17766,,
2018-02-19,114256923.651,20459,6355844608.0,9.37,225362000.0,234.25,4278,20459,,
2018-02-20,153776428.5,17540,6586159616.0,9.69,305780992.0,290.7,5073,17540,,
2018-02-21,129420887.739,5910,6315773440.0,9.27,298552992.0,1674.34631912,4659,5910,,
2018-02-22,131872579.309,5946,5965234688.0,8.74,295638016.0,1568.83,4567,5946,,
2018-02-23,102585678.315,5894,5523263488.0,8.05,284364992.0,1230.96068248,4621,5894,,
2018-02-24,123236127.776,5743,5900518400.0,8.57,241756992.0,1310.60444028,4498,5743,,
2018-02-25,146730129.16,5563,5646678016.0,8.18,173548992.0,1254.3908936,4496,5563,,
2018-02-26,119922148.58,6557,5472734720.0,7.9,251184992.0,1476.43673749,5060,6557,,
2018-02-27,149071038.812,6830,5670736896.0,8.17,330184992.0,1465.5346,5263,6830,,
2018-02-28,197592549.944,6370,5940665344.0,8.53,380052992.0,1370.29558668,5046,6370,,
2018-03-01,128319881.289,5854,5859144192.0,8.39,214126000.0,1520.51816786,4666,5854,,
2018-03-02,178197852.001,6709,6086744576.0,8.68,211631008.0,944.734238,5223,6709,,
2018-03-03,90078281.6829,6178,5702861824.0,8.11,141850000.0,813.57057654,4871,6178,,
2018-03-04,155730520.899,7144,5638257664.0,8.0,195810000.0,1194.4,5628,7144,,
2018-03-05,126135732.082,6905,5786712576.0,8.18,183715008.0,1539.1464889,5607,6905,,
2018-03-06,147841641.01,7345,5682732544.0,8.0,233026000.0,1760.0,5535,7345,,
2018-03-07,170481488.994,8216,5162590208.0,7.25,423460000.0,1740.0,6029,8216,,
2018-03-08,155244627.441,8987,4651410944.0,6.51,299364992.0,1700.7020205,6631,8987,,
2018-03-09,198881690.705,8611,4444674048.0,6.2,429200992.0,1630.67291659,6133,8611,,
2018-03-10,93072947.4426,6081,4434696704.0,6.17,309652992.0,1271.800621,4773,6081,,
2018-03-11,85164713.0278,5302,4165573632.0,5.79,271828992.0,1095.53692995,4295,5302,,
2018-03-12,125459397.186,5769,4441010176.0,6.15,206551008.0,1168.5,5045,5769,,
2018-03-13,352434435.969,7019,4213560064.0,5.82,199199008.0,1743.09,5775,7019,,
2018-03-14,124945531.744,6475,4266074880.0,5.87,210732992.0,1572.573,5137,6475,,
2018-03-15,168644233.546,7183,3899389696.0,5.35,293299008.0,1636.26164088,5292,7183,,
2018-03-16,107105335.485,5593,3785349888.0,5.18,184719008.0,1374.59588,4149,5593,,
2018-03-17,81155541.3884,4996,3725279744.0,5.09,140080000.0,1198.33369449,3868,4996,,
2018-03-18,110079910.452,6511,3417960704.0,4.65,333500992.0,1699.09869171,4769,6511,,
2018-03-19,123751750.937,7383,3468420352.0,4.71,660668992.0,1385.682,5071,7383,,
2018-03-20,170235577.809,7847,4553120256.0,6.17,667072000.0,1530.16,5501,7847,,
2018-03-21,336654107.27,13127,4492160512.0,6.07,765790016.0,2119.644,9013,13127,,
2018-03-22,445095976.496,19202,5202795520.0,7.01,1062430016.0,2103.0,13485,19202,,
2018-03-23,273338575.477,15827,5227641344.0,7.02,846830016.0,972.555898992,12049,15827,,
2018-03-24,160675227.216,8895,5218489856.0,6.99,357179008.0,1565.76,6102,8895,,
2018-03-25,119903534.173,7002,4947109376.0,6.6,274460000.0,1096.919208,4756,7002,,
2018-03-26,230514613.006,9441,4906945024.0,6.53,553672000.0,2232.92972703,6424,9441,,
2018-03-27,175511890.482,9195,4447057920.0,5.9,877542976.0,2293.507,5996,9195,,
2018-03-28,176353412.327,8237,4442050560.0,5.88,616041984.0,1475.88,5790,8237,,
2018-03-29,199072330.362,8054,4776997376.0,6.31,626902976.0,1442.595355,5538,8054,,
2018-03-30,177142478.769,10311,4576615936.0,6.03,506609984.0,853.0012674,7745,10311,,
2018-03-31,147134085.256,5884,4650945024.0,6.11,224212992.0,1408.13461465,4312,5884,,
2018-04-01,140905829.363,6282,4580828160.0,6.0,401303008.0,1868.8355301,4288,6282,,
2018-04-02,118595080.575,6659,4348742144.0,5.68,314995008.0,1243.92,4814,6659,,
2018-04-03,133197056.946,6896,4529743872.0,5.9,306368992.0,994.863284099,5124,6896,,
2018-04-04,104785469.413,6050,4702424576.0,6.11,260820000.0,972.065309413,4488,6050,,
2018-04-05,109379808.699,7476,4419564032.0,5.72,542464000.0,1428.2423391,5376,7476,,
2018-04-06,208097699.318,11742,4918338048.0,6.36,451440992.0,1265.64,9108,11742,,
2018-04-07,109136974.135,7095,4561696768.0,5.88,220028000.0,1293.37159552,5132,7095,,
2018-04-08,127985163.766,14504,4587799552.0,5.9,166915008.0,751.78619392,12486,14504,,
2018-04-09,170412131.519,13272,4666275840.0,5.98,226564992.0,1149.58826166,10358,13272,,
2018-04-10,198680917.511,11640,4600684544.0,5.88,225494000.0,1699.32,8610,11640,,
2018-04-11,630325512.789,25756,4706766848.0,6.0,1818530048.0,1741.0782189,16378,25756,,
2018-04-12,850133368.834,37730,6683279872.0,8.5,1717360000.0,2126.7,26798,37730,,
2018-04-13,557468269.002,27613,6866657280.0,8.71,936742976.0,1231.21076,20028,27613,,
2018-04-14,811995956.603,36260,6916385280.0,8.75,811486976.0,874.125,26192,36260,,
2018-04-15,550287208.145,26791,6845829632.0,8.63,861262976.0,862.999999137,20751,26791,,
2018-04-16,363872633.269,12991,6667985920.0,8.39,455204000.0,855.78,9617,12991,,
2018-04-17,237343947.078,12368,6492149248.0,8.13,798768000.0,1401.46458928,8236,12368,,
2018-04-18,210214737.959,9407,6792736256.0,8.49,518188992.0,1305.852843,6521,9407,,
2018-04-19,241797618.095,9865,7233092608.0,9.02,554115968.0,1547.73147048,6850,9865,,
2018-04-20,568481335.017,14315,7652013056.0,9.51,1512339968.0,1817.7114435,9682,14315,,
2018-04-21,529833636.548,11641,9340279808.0,11.58,1142259968.0,2214.681948,8110,11641,,
2018-04-22,335202985.699,11477,8955947008.0,11.07,1001900032.0,1910.26747201,7913,11477,,
2018-04-23,379101104.528,10239,9186096128.0,11.33,662115968.0,1356.3164527,8003,10239,,
2018-04-24,546556352.994,23527,9530671104.0,11.73,3223780096.0,1550.7911598,15996,23527,,
2018-04-25,517453660.085,17551,12303890432.0,15.1,3005040128.0,2448.012,12758,17551,,
2018-04-26,543377565.859,13373,11789935616.0,14.43,1566850048.0,2164.5,9773,13373,,
2018-04-27,602981523.308,15945,12669789184.0,15.47,2486409984.0,2311.53454822,11797,15945,,
2018-04-28,612534449.474,21861,13698926592.0,16.69,2728300032.0,1891.5798917,16798,21861,,
2018-04-29,2030260439.82,29523,15530878976.0,18.88,4870720000.0,2832.0,20512,29523,,
2018-04-30,1090941816.01,23260,17849051136.0,21.64,4073370112.0,3539.94310386,15934,23260,,
2018-05-01,577347664.083,15329,14610737152.0,17.67,3330129920.0,2297.1,11211,15329,,
2018-05-02,592407768.906,14521,15694998528.0,18.93,2410370048.0,1906.251,10956,14521,,
2018-05-03,1874543035.11,20461,16009756672.0,19.27,2266540032.0,2335.03592289,14809,20461,,
2018-05-04,456290958.542,15618,14751162368.0,17.71,1749309952.0,2100.28867036,11340,15618,,
2018-05-05,396950738.394,14491,14310404096.0,17.14,1614729984.0,1714.0,10868,14491,,
2018-05-06,431359227.51,12570,14847180800.0,17.74,1434829952.0,2212.23308847,9379,12570,,
2018-05-07,574524849.721,13998,14823508992.0,17.67,2000850048.0,2703.51,10010,13998,,
2018-05-08,610945225.35,15059,15122586624.0,17.98,1449939968.0,1986.7736382,11679,15059,,
2018-05-09,604111678.993,18745,15271884800.0,18.12,1199539968.0,1902.6,14157,18745,,
2018-05-10,698626020.167,21771,15199423488.0,17.97,1287810048.0,1831.8618,16650,21771,,
2018-05-11,983639901.232,19949,14807289856.0,17.46,2919820032.0,3492.0,13859,19949,,
2018-05-12,1350601125.37,19296,12733082624.0,14.98,3091069952.0,3314.3117394,12169,19296,,
2018-05-13,567244364.672,13973,12121968640.0,14.23,1589949952.0,1768.6337507,9775,13973,,
2018-05-14,673738104.281,17905,12757275648.0,14.93,1702960000.0,2530.635,12469,17905,,
2018-05-15,663393431.424,15596,12031253504.0,14.05,1371869952.0,2327.18061977,11295,15596,,
2018-05-16,479332574.901,28139,11104685056.0,12.93,1534140032.0,827.52,23681,28139,,
2018-05-17,482822166.024,16514,11075887104.0,12.87,1644329984.0,1274.13,12201,16514,,
2018-05-18,552018331.137,17754,10676366336.0,12.37,1343680000.0,436.823636059,14163,17754,,
2018-05-19,270806389.411,10397,11276930048.0,13.04,1018750016.0,1429.51087655,8000,10397,,
2018-05-20,360337407.164,14387,11420258304.0,13.17,1228359936.0,1744.38283923,10602,14387,,
2018-05-21,447527477.289,16068,12187271168.0,14.03,1063000000.0,1931.10785702,11932,16068,,
2018-05-22,566459144.825,13283,11773025280.0,13.52,991158976.0,1962.1381312,10045,13283,,
2018-05-23,532505865.874,17371,10763413504.0,12.33,1591750016.0,1759.86089988,12970,17371,,
2018-05-24,684237849.995,19888,9557940224.0,10.92,2161890048.0,1852.90434425,15469,19888,,
2018-05-25,450227972.33,24317,11235322880.0,12.81,1624390016.0,1637.6304,18594,24317,,
2018-05-26,465078240.256,21424,10791675904.0,12.27,1085629952.0,1239.27,18347,21424,,
2018-05-27,733344984.725,17421,10835191808.0,12.29,939929024.0,1265.87,15032,17421,,
2018-05-28,1319246286.8,30984,11043794944.0,12.5,1580160000.0,1516.54358731,25908,30984,,
2018-05-29,929289719.612,37769,10363043840.0,11.7,1877299968.0,1753.83,31267,37769,,
2018-05-30,1163797515.86,44229,10813252608.0,12.18,1269209984.0,1199.73,34368,44229,,
2018-05-31,1157757824.44,57471,10653267968.0,11.97,1142809984.0,362.691,50224,57471,,
2018-06-01,2276723319.07,18093,10956698624.0,12.29,1058150016.0,508.5390612,15457,18093,,
2018-06-02,257282543.905,9204,10990515200.0,12.29,2884720128.0,325.015940573,7781,9204,,
2018-06-03,,,13269059584.0,14.81,1631840000.0,,,,,
2018-06-04,,,13084895232.0,14.6,1297159936.0,,,,,
2018-06-05,,,12171719680.0,13.58,1445139968.0,,,,,
2018-06-06,,,12773762048.0,14.25,1022289984.0,,,,,
2018-06-07,,,12541327360.0,13.99,1017480000.0,,,,,
2018-06-08,,,13054181376.0,14.57,1105590016.0,,,,1,
2018-06-09,65954167.308,25103,12579904512.0,14.04,1175320064.0,140.4,163932,163931,13337,
2018-06-10,1037.98422,12975,12585908224.0,14.04,2317139968.0,14.04,57,51,80482,
2018-06-11,11199.138249,14362,10139694080.0,11.31,1570569984.0,11.31,197,223,172800,
2018-06-12,16235.07963,10237,10347104256.0,11.55,1052700032.0,1.155,254,416,172800,
2018-06-13,4120.21593,8200,9193736192.0,10.26,1266409984.0,0.1026,233,404,172682,
2018-06-14,3571.761969,8898,9114451968.0,10.17,1409440000.0,0.1276335,246,324,172291,
2018-06-15,10592.420254,117776,10118561792.0,11.29,936732992.0,0.1129,459,797,172503,
2018-06-16,9111.38172,14462,9542286336.0,10.65,680969984.0,0.001065,283,1100,138696,
2018-06-17,279346.836189,60225,9521623040.0,10.63,432120992.0,0.001063,346,3299,172750,
2018-06-18,523896089.139,62825,9358605312.0,10.44,720630016.0,10.44,522,534,172792,
2018-06-19,433789822.022,52127,9605827584.0,10.72,715926016.0,53.6,791,800,170453,
2018-06-20,530486092.339,46448,9616001024.0,10.73,852286976.0,1287.6,1506,1744,172746,
2018-06-21,327718578.344,22361,9345892352.0,10.43,662139008.0,104.3,1172,1608,172604,
2018-06-22,224619067.341,115952,9334825984.0,10.42,1258310016.0,1042.0,1066,2581,172771,
2018-06-23,238935064.152,13605,7769804288.0,8.67,709977024.0,1231.14,1089,1926,172728,
2018-06-24,57475824.6598,11904,7583004160.0,8.46,1397600000.0,795.24,1216,2199,172653,
2018-06-25,208869761.779,112690,7233308160.0,8.07,905011968.0,393.947541,1430,2876,172778,
2018-06-26,97351774.6559,66819,7405456896.0,8.26,629339008.0,518.211337,1341,2916,172762,
2018-06-27,93155062.5384,280735,6706324992.0,7.48,716035968.0,374.0,1728,4228,172602,
2018-06-28,442035939.876,144743,7179860992.0,8.01,724915008.0,364.824261,2232,5304,172629,
2018-06-29,25396521.3113,215778,6694684672.0,7.47,802745984.0,298.484019,1855,4414,172705,
2018-06-30,149229583.994,115583,6936716800.0,7.74,832537984.0,215.767206,1725,4184,172348,
2018-07-01,34393192.1941,137605,7300490752.0,8.15,621643008.0,143.44,2125,5485,172641,
2018-07-02,80698652.8853,136374,7295588864.0,8.14,1024129984.0,260.48,3598,8820,172661,
2018-07-03,367355792.985,154296,7983562752.0,8.91,1006099968.0,406.9878615,6495,15278,172423,
2018-07-04,86784379.7551,121373,7934507520.0,8.85,935387008.0,447.952485,4290,9309,172721,
2018-07-05,180269128.84,132903,7960997888.0,8.88,958548992.0,427.000128,4318,10324,172715,
2018-07-06,149232024.547,164583,7979010048.0,8.9,604649984.0,355.11,4503,10083,172415,
2018-07-07,106251198.763,132155,7771829760.0,8.67,490260992.0,211.771686,3404,7329,170416,
2018-07-08,117476094.962,148823,8099587072.0,9.04,491667008.0,350.176152,2577,4867,170154,
2018-07-09,66518537.775,124232,7804520960.0,8.71,707878016.0,448.889012,2861,5490,172762,
2018-07-10,64185777.6701,607513,6941618688.0,7.75,707110016.0,644.270675,2551,5207,172610,
2018-07-11,158411186.479,676522,6461273600.0,7.21,599606976.0,657.4254645,2646,5162,172041,
2018-07-12,94097809.8847,353891,6427139072.0,7.17,597379968.0,179.25,2948,5718,172779,
2018-07-13,76244885.4214,936254,6196129792.0,6.91,586718016.0,0.000691,66769,71921,172417,
2018-07-14,100781361.25,2262137,6238633984.0,6.96,396983008.0,69.6,3854,6846,170900,
2018-07-15,137337562.808,3235261,6258305024.0,6.98,501440000.0,62.82,5086,9029,171027,
2018-07-16,261566163.584,2207468,6630412800.0,7.4,716972032.0,74.0,5848,12144,171175,
2018-07-17,92287149.5752,6321479,7233440768.0,8.07,847793984.0,20.175,7009,13040,164498,
2018-07-18,85008072.3754,6742775,7862690304.0,8.77,929459008.0,0.000877,12274,20206,168334,
2018-07-19,510843579.318,8307320,7686309888.0,8.58,852908992.0,66.07887,5011,9493,163750,
2018-07-20,191725694.743,5766056,7529680896.0,8.4,810102976.0,0.81396,9507,17413,168419,
2018-07-21,56083295.3229,7025941,7078066688.0,7.9,551660032.0,0.79,6805,19187,170205,
2018-07-22,53707107.7001,7545182,7189610496.0,8.02,497159008.0,8.24055,5393,10545,169867,
2018-07-23,79164683.5537,7166509,7061182976.0,7.88,630787008.0,0.000788,19249,28757,170213,
2018-07-24,350678149.433,6941005,7138045952.0,7.97,1007480000.0,0.000797,13417,20726,171849,
2018-07-25,97454560.8288,7274451,7667562496.0,8.56,835307008.0,0.856,9637,15234,170390,
2018-07-26,71415602.2122,7077989,7635130880.0,8.52,644028992.0,0.000852,31975,42982,168620,
2018-07-27,73398070.4619,3698243,7448687104.0,8.31,694945984.0,0.000831,86939,92324,171699,
2018-07-28,76570500.4594,5653858,7550309888.0,8.43,527104000.0,0.000843,71139,77620,171606,
2018-07-29,34595288.073,8416821,7473627136.0,8.34,615336000.0,0.000834,7281,10916,170963,
2018-07-30,126230798.153,8083187,7472990390.0,8.34,849398000.0,4.347642,4174,10251,170039,
2018-07-31,68393450.3058,7271418,6961992305.0,7.77,708842000.0,0.000777,14166,19772,170142,
2018-08-01,50425711.6091,7661172,6672807179.0,7.36,699077000.0,0.000736,10796,16676,170708,
2018-08-02,203854767.625,8216194,6558379662.0,7.24,559363000.0,0.000724,28846,38622,168679,
2018-08-03,39000821.2889,8361138,6386548250.0,7.05,521404000.0,0.000705,28265,35364,162113,
2018-08-04,42863960.7475,7215324,6524121153.0,7.2,465467000.0,0.00072,67031,86935,168018,
2018-08-05,89511936.2277,3364039,6339489579.0,7.0,481289000.0,0.0007,64403,78604,170414,
2018-08-06,50950606.9636,5985614,6394876718.0,7.06,477949000.0,0.000706,40912,77157,170405,
2018-08-07,55602082.5097,7390761,6395908647.0,7.06,572786000.0,0.000706,12504,17222,171412,
2018-08-08,266709172.782,6763662,5978783494.0,6.6,885000000.0,0.78408,9791,17844,171604,
2018-08-09,61311407.3761,7358344,5084729234.0,5.61,711726000.0,17.8959,5017,11393,172136,
2018-08-10,76892621.05,6806950,5260380255.0,5.8,771704000.0,0.00058,58708,65693,169937,
