date,txVolume(USD),txCount,marketcap(USD),price(USD),exchangeVolume(USD),fees,activeAddresses,medianTxValue(USD),medianFee,paymentCount
2016-04-06,,,0.0,2.04,222502.0,,,,,,
2016-04-07,,,0.0,3.92,203863.0,,,,,,
2016-04-08,,,0.0,5.01,468420.0,,,,,,
2016-04-09,,,0.0,4.06,272260.0,,,,,,
2016-04-10,,,0.0,2.44,242123.0,,,,,,
2016-04-11,,,0.0,1.37,163666.0,,,,,,
2016-04-12,,,0.0,3.14,117448.0,,,,,,
2016-04-13,,,0.0,1.29,85572.0,,,,,,
2016-04-14,,,0.0,1.0,114725.0,,,,,,
2016-04-15,,,0.0,1.19,98647.0,,,,,,
2016-04-16,,,0.0,1.2,57511.0,,,,,,
2016-04-17,,,0.0,1.23,36480.0,,,,,,
2016-04-18,,,0.0,1.66,48480.0,,,,,,
2016-04-19,,,0.0,1.02,26391.0,,,,,,
2016-04-20,,,0.0,1.85,64546.0,,,,,,
2016-04-21,,,0.0,1.33,46650.0,,,,,,
2016-04-22,,,0.0,1.65,38998.0,,,,,,
2016-04-23,,,0.0,1.82,182681.0,,,,,,
2016-04-24,,,0.0,1.27,54516.0,,,,,,
2016-04-25,,,0.0,1.42,30326.0,,,,,,
2016-04-26,,,0.0,0.773862,16705.0,,,,,,
2016-04-27,,,0.0,0.729496,14913.0,,,,,,
2016-04-28,,,0.0,0.623713,6142.0,,,,,,
2016-04-29,,,0.0,0.739369,14024.0,,,,,,
2016-04-30,,,0.0,0.765952,66785.0,,,,,,
2016-05-01,,,0.0,1.27,19716.0,,,,,,
2016-05-02,,,0.0,0.708871,38309.0,,,,,,
2016-05-03,,,0.0,1.18,26812.0,,,,,,
2016-05-04,,,0.0,0.725092,51102.0,,,,,,
2016-05-05,,,0.0,1.52,34428.0,,,,,,
2016-05-06,,,0.0,1.42,15278.0,,,,,,
2016-05-07,,,0.0,0.814081,13246.0,,,,,,
2016-05-08,,,0.0,0.696016,13948.0,,,,,,
2016-05-09,,,0.0,0.789914,10017.0,,,,,,
2016-05-10,,,0.0,0.761222,10911.0,,,,,,
2016-05-11,,,0.0,0.833497,34101.0,,,,,,
2016-05-12,,,0.0,1.22,10514.0,,,,,,
2016-05-13,,,0.0,0.816821,12820.0,,,,,,
2016-05-14,,,0.0,0.788885,10083.0,,,,,,
2016-05-15,,,0.0,0.824801,9419.0,,,,,,
2016-05-16,,,0.0,0.829427,6305.0,,,,,,
2016-05-17,,,0.0,0.784002,12167.0,,,,,,
2016-05-18,,,0.0,0.750652,50865.0,,,,,,
2016-05-19,,,0.0,1.89,46746.0,,,,,,
2016-05-20,,,0.0,1.42,57689.0,,,,,,
2016-05-21,,,0.0,3.41,66490.0,,,,,,
2016-05-22,,,0.0,4.08,105457.0,,,,,,
2016-05-23,,,0.0,2.74,108656.0,,,,,,
2016-05-24,366630985.625,11851,0.0,2.96,439909.0,5466.3,9124,3886.01456398,0.0,11170,
2016-05-25,23291469.6313,9219,0.0,0.6213,7311180.0,4801.5,5098,131.695071471,0.1,8175,
2016-05-26,10029118.7856,4782,26966400.0,0.269664,13981800.0,2356.2,2790,53.1203643907,0.1,4242,
2016-05-27,8162579.03026,3106,51949300.0,0.519493,13013200.0,1540.2,1838,87.7000354622,0.1,2722,
2016-05-28,2168289.17512,1895,38812800.0,0.388128,7676530.0,1413.0,1100,94.8570089773,0.1,1620,
2016-05-29,981837.522787,1584,35364200.0,0.353642,4810200.0,847.3,1042,35.3642,0.1,1263,
2016-05-30,1576221.99227,2471,38014900.0,0.380149,2470160.0,1385.8,1402,48.2409081,0.1,2148,
2016-05-31,1381422.26519,1152,35014000.0,0.35014,3073130.0,652.5,770,33.304161338,0.1,955,
2016-06-01,1337847.06143,792,31452000.0,0.31452,2112400.0,453.0,470,27.20598,0.1,670,
2016-06-02,572372.080275,640,33635100.0,0.336351,1258510.0,447.8,386,20.1678716369,0.1,498,
2016-06-03,668253.821963,935,33061700.0,0.330617,3187760.0,284.9,459,66.1234,0.1,869,
2016-06-04,1146382.55012,1035,41022000.0,0.41022,3251570.0,317.6,542,96.319656,0.1,966,
2016-06-05,2147459.78383,1787,44641800.0,0.446418,4247850.0,409.0,1139,78.04725894,0.1,1700,
2016-06-06,1334066.10952,1363,48204200.0,0.482042,2878930.0,377.7,977,56.1337909,0.1,1197,
2016-06-07,1127770.53884,675,45222800.0,0.452228,2277500.0,328.6,389,90.4003772,0.1,576,
2016-06-08,741624.387798,849,41946600.0,0.419466,2980240.0,412.1,554,1.258398,0.1,601,
2016-06-09,988566.086216,577,47378100.0,0.473781,1844730.0,846.8,363,15.6678018844,0.1,398,
2016-06-10,485538.197894,500,46116000.0,0.46116,1426460.0,250.0,346,20.8021384515,0.1,420,
2016-06-11,617634.921979,492,45748600.0,0.457486,1298720.0,230.1,298,70.9949046179,0.1,451,
2016-06-12,1665998.06208,1184,45331700.0,0.453317,4868900.0,205.1,798,67.92955245,0.1,1141,
2016-06-13,1236876.47327,775,42390700.0,0.423907,3322740.0,179.8,549,49.36397015,0.1,728,
2016-06-14,445825.234276,508,46595900.0,0.465959,2677630.0,172.6,344,58.2299450679,0.1,466,
2016-06-15,367467.573972,340,47022800.0,0.470228,1291530.0,77.8,205,84.3423940921,0.1,318,
2016-06-16,1233656.67607,647,46338900.0,0.463389,2348370.0,112.0,354,34.6151583,0.1,630,
2016-06-17,810590.732495,546,45580900.0,0.455809,4509350.0,161.0,302,113.88387865,0.1,530,
2016-06-18,452381.113645,481,43518500.0,0.435185,2777730.0,113.1,305,90.7155199962,0.1,471,
2016-06-19,595962.807962,1228,34812400.0,0.348124,1392140.0,326.7,988,42.6866139884,0.1,1197,
2016-06-20,352532.076894,554,36343200.0,0.363432,1692310.0,209.0,386,57.557270988,0.1,530,
2016-06-21,611279.275309,642,32308100.0,0.323081,1779370.0,177.8,407,80.8994824,0.1,618,
2016-06-22,580148.982399,713,32858800.0,0.328588,3608690.0,179.9,401,91.6431931967,0.1,699,
2016-06-23,559791.469697,652,34807100.0,0.348071,1644910.0,201.4,366,69.4922663778,0.1,634,
2016-06-24,546564.829268,543,36148300.0,0.361483,2135610.0,110.4,338,77.4384390221,0.1,534,
2016-06-25,539101.081183,630,37901400.0,0.379014,1435150.0,99.1,377,71.2473505801,0.1,621,
2016-06-26,296600.665494,628,35712500.0,0.357125,750518.0,262.1,335,10.6780375,0.1,611,
2016-06-27,395177.777867,455,32318400.0,0.323184,973053.0,113.6,277,52.0207051001,0.1,446,
2016-06-28,693177.770954,619,30889400.0,0.308894,1291760.0,98.4,355,30.8585106,0.1,614,
2016-06-29,196048.438866,367,28818900.0,0.288189,822309.0,159.1,222,28.7900811,0.1,351,
2016-06-30,137248.657457,371,30306500.0,0.303065,1019150.0,97.2,223,9.09195,0.1,362,
2016-07-01,169081.671807,381,30741700.0,0.307417,564870.0,114.7,209,12.2659383,0.1,367,
2016-07-02,216071.457962,213,32661000.0,0.32661,570125.0,24.9,157,32.5793475,0.1,209,
2016-07-03,148470.897947,275,31110000.0,0.3111,407208.0,68.1,187,11.8333279287,0.1,261,
2016-07-04,163006.243004,305,30273100.0,0.302731,419023.0,151.2,167,27.2155169,0.1,282,
2016-07-05,256140.751586,517,30543000.0,0.30543,1223650.0,139.5,232,61.086,0.1,495,
2016-07-06,121964.849729,394,28943300.0,0.289433,714117.0,74.6,166,14.5385234975,0.1,386,
2016-07-07,144450.368239,266,28682100.0,0.286821,578750.0,27.5,162,27.23365395,0.1,265,
2016-07-08,124851.980032,373,27422300.0,0.274223,658829.0,43.1,222,27.4223,0.1,371,
2016-07-09,95346.2093395,193,28159600.0,0.281596,380355.0,30.0,141,56.6112761865,0.1,190,
2016-07-10,34780.9009146,325,28036100.0,0.280361,535278.0,99.8,128,12.0353131633,0.1,308,
2016-07-11,371495.206446,629,29631000.0,0.29631,2383010.0,149.2,301,54.0825012,0.1,622,
2016-07-12,172564.40403,400,33436800.0,0.334368,993582.0,98.3,226,42.6848170176,0.1,393,
2016-07-13,135830.001128,239,31622800.0,0.316228,522491.0,60.0,168,33.20394,0.1,230,
2016-07-14,94180.377509,205,31567800.0,0.315678,679860.0,57.9,144,45.7732390956,0.1,199,
2016-07-15,194923.694302,260,32896200.0,0.328962,418795.0,51.8,179,43.4145713067,0.1,258,
2016-07-16,88524.5973079,211,32765200.0,0.327652,452985.0,65.2,135,30.0784536,0.1,202,
2016-07-17,59562.5852568,177,32246300.0,0.322463,432248.0,77.8,108,33.536152,0.1,168,
2016-07-18,179837.848329,292,31575300.0,0.315753,523435.0,66.6,180,141.033259403,0.1,286,
2016-07-19,299055.433197,421,30705200.0,0.307052,472702.0,67.0,212,152.75837,0.1,420,
2016-07-20,375717.520347,323,31437800.0,0.314378,522077.0,39.0,139,262.068045791,0.1,320,
2016-07-21,121032.25204,240,31173600.0,0.311736,473950.0,70.4,134,163.827121609,0.1,224,
2016-07-22,44660.6256348,171,31860900.0,0.318609,999888.0,24.7,123,62.0304460807,0.1,167,
2016-07-23,119028.778237,181,30836300.0,0.308363,413449.0,83.5,120,24.977403,0.1,175,
2016-07-24,252644.554265,192,31254100.0,0.312541,1022570.0,34.8,148,62.33630245,0.1,188,
2016-07-25,167081.546948,170,28764200.0,0.287642,347584.0,17.0,131,247.088445647,0.1,170,
2016-07-26,214227.279696,249,29465500.0,0.294655,1755040.0,29.8,213,72.4556645,0.1,248,
2016-07-27,51608.9619277,154,28247900.0,0.282479,891245.0,23.0,130,56.45342815,0.1,150,
2016-07-28,171219.944275,340,28056900.0,0.280569,922646.0,121.7,221,93.871707776,0.1,327,
2016-07-29,81302.4927722,179,27983800.0,0.279838,639088.0,82.0,106,30.9096406122,0.1,170,
2016-07-30,150475.537502,168,28318800.0,0.283188,372036.0,16.8,110,255.860358,0.1,168,
2016-07-31,86180.0391796,151,28067800.0,0.280678,610372.0,16.0,92,140.3109322,0.1,150,
2016-08-01,525383.929161,233,26907500.0,0.269075,948289.0,65.6,167,53.761185,0.1,226,
2016-08-02,654732.545631,555,24165500.0,0.241655,1625750.0,65.3,276,93.7492926536,0.1,553,
2016-08-03,1052653.11655,380,19116600.0,0.191166,1685460.0,79.4,231,49.693601699,0.1,374,
2016-08-04,130594.556779,233,21951900.0,0.219519,844272.0,59.8,160,93.8360132231,0.1,228,
2016-08-05,140409.946422,127,23060100.0,0.230601,453612.0,50.1,100,22.3813634292,0.1,121,
2016-08-06,23235.8917302,135,22664000.0,0.22664,464599.0,30.5,100,7.30846008,0.1,125,
2016-08-07,1337538.40467,447,23091200.0,0.230912,576337.0,97.3,262,25.8948807175,0.1,433,
2016-08-08,105434.841203,256,22335900.0,0.223359,426308.0,65.2,171,66.9741961478,0.1,252,
2016-08-09,126845.130788,207,22576100.0,0.225761,573920.0,132.0,131,67.6379955977,0.1,190,
2016-08-10,44738.8696897,178,22517100.0,0.225171,1901840.0,130.8,106,18.2935752032,0.1,168,
2016-08-11,194767.043824,299,26196600.0,0.261966,820562.0,99.8,195,49.9831128,0.1,288,
2016-08-12,90648.7051909,226,24597500.0,0.245975,660290.0,57.8,136,67.127223878,0.1,218,
2016-08-13,73667.2464834,153,25112000.0,0.25112,405034.0,81.6,107,55.1391514268,0.1,146,
2016-08-14,90598.0767255,131,25752000.0,0.25752,320443.0,47.4,86,28.7654767233,0.1,124,
2016-08-15,77176.0382414,223,23925800.0,0.239258,491626.0,63.3,129,16.2456182,0.1,213,
2016-08-16,63487.3550228,153,25515900.0,0.255159,367910.0,53.6,114,25.4903841,0.1,146,
2016-08-17,140655.35618,315,25598600.0,0.255986,534461.0,42.2,196,54.3928257826,0.1,312,
2016-08-18,209038.728109,551,26820300.0,0.268203,2061090.0,241.9,275,73.4339814,0.1,539,
2016-08-19,238709.747695,500,30265700.0,0.302657,1353530.0,55.4,254,127.044871253,0.1,494,
2016-08-20,130130.902568,224,29649200.0,0.296492,571840.0,52.2,150,142.271686201,0.1,222,
2016-08-21,49441.3929499,210,28396900.0,0.283969,709913.0,40.2,129,61.9504387744,0.1,202,
2016-08-22,238964.29405,313,31468700.0,0.314687,853216.0,49.6,193,120.919672414,0.1,306,
2016-08-23,534492.345616,420,28672300.0,0.286723,1423260.0,82.1,212,119.79608231,0.1,411,
2016-08-24,180687.431695,206,27085200.0,0.270852,760046.0,34.0,146,95.9002208899,0.1,200,
2016-08-25,155329.675457,214,26300300.0,0.263003,466409.0,58.8,149,85.0972694229,0.1,208,
2016-08-26,210765.997247,199,25827100.0,0.258271,499319.0,172.5,124,208.246185896,0.1,185,
2016-08-27,103792.661379,121,26736200.0,0.267362,390922.0,56.2,76,187.1266638,0.1,112,
2016-08-28,237149.949473,178,26273600.0,0.262736,443494.0,31.2,111,476.30883968,0.1,172,
2016-08-29,87007.3300298,200,25713000.0,0.25713,513229.0,75.6,152,128.5521435,0.1,196,
2016-08-30,114987.672811,212,26719700.0,0.267197,436321.0,52.8,157,107.132673222,0.1,208,
2016-08-31,373294.125445,294,25323400.0,0.253234,429425.0,31.2,206,198.7680525,0.1,292,
2016-09-01,352722.098364,177,25370400.0,0.253704,472887.0,22.6,121,126.852,0.1,176,
2016-09-02,19505.0771255,98,24646000.0,0.24646,387282.0,9.8,106,1.207654,0.1,98,
2016-09-03,216655.513551,173,24874200.0,0.248742,566146.0,30.7,128,78.3966935316,0.1,167,
2016-09-04,172093.685301,180,24349000.0,0.24349,509761.0,18.9,130,166.096703499,0.1,179,
2016-09-05,198502.29714,193,24377900.0,0.243779,785260.0,76.7,138,63.2935282107,0.1,187,
2016-09-06,706801.556782,185,25012600.0,0.250126,466873.0,25.2,137,36.1079667479,0.1,182,
2016-09-07,191162.258371,138,25288300.0,0.252883,563511.0,18.7,105,27.82977415,0.1,137,
2016-09-08,121430.195674,164,25743700.0,0.257437,393796.0,21.3,133,61.6691981509,0.1,163,
2016-09-09,184397.182093,167,25343200.0,0.253432,395434.0,28.3,98,105.307357146,0.1,163,
2016-09-10,175170.832469,121,25627700.0,0.256277,412311.0,13.0,84,198.106876837,0.1,120,
2016-09-11,44983.9334329,139,25302400.0,0.253024,323685.0,78.0,95,17.6863776,0.1,130,
2016-09-12,168628.407008,215,24457800.0,0.244578,784795.0,68.3,141,122.2645422,0.1,203,
2016-09-13,108742.968292,190,26828900.0,0.268289,667645.0,39.5,125,80.7285328849,0.1,185,
2016-09-14,125166.570594,207,26261600.0,0.262616,380140.0,31.4,139,52.5232,0.1,204,
2016-09-15,117449.278811,107,27116500.0,0.271165,319127.0,42.3,83,189.7883835,0.1,103,
2016-09-16,72638.8454869,123,25415400.0,0.254154,327073.0,42.1,94,114.3184692,0.1,121,
2016-09-17,39517.1464459,99,25877800.0,0.258778,204630.0,9.9,79,59.4022200385,0.1,99,
2016-09-18,60285.9552414,130,25790700.0,0.257907,328572.0,43.1,80,13.5085045495,0.1,101,
2016-09-19,40459.4932536,109,25573900.0,0.255739,248429.0,11.8,80,24.2440571974,0.1,108,
2016-09-20,55982.1440564,95,25271600.0,0.252716,222061.0,15.3,73,98.5339684,0.1,93,
2016-09-21,109885.772179,200,26025000.0,0.26025,598551.0,20.0,127,95.8387671375,0.1,200,
2016-09-22,317474.488127,105,25017000.0,0.25017,327202.0,16.3,81,117.748473792,0.1,103,
2016-09-23,67623.6863359,147,24611400.0,0.246114,290931.0,39.6,107,35.2242880498,0.1,146,
2016-09-24,43777.5289304,80,24380900.0,0.243809,153084.0,11.6,71,29.612552398,0.1,76,
2016-09-25,108191.545374,93,24647000.0,0.24647,85759.0,36.9,72,25.8835203389,0.1,89,
2016-09-26,732912.522015,254,24685800.0,0.246858,359360.0,61.9,189,189.29511933,0.1,249,
2016-09-27,261380.768997,171,23922200.0,0.239222,317051.0,17.1,103,96.8609878,0.1,171,
2016-09-28,307249.974734,228,23642000.0,0.23642,226676.0,31.3,140,108.689758104,0.1,223,
2016-09-29,380609.366024,323,23855800.0,0.238558,272689.0,59.9,217,119.2551442,0.1,319,
2016-09-30,150209.991151,70,23746500.0,0.237465,189587.0,31.9,57,12.1137190688,0.1,69,
2016-10-01,43134.2562656,98,23748200.0,0.237482,237068.0,19.2,73,85.4962232018,0.1,92,
2016-10-02,88778.5579924,88,23346400.0,0.233464,259666.0,16.4,72,350.799136614,0.1,84,
2016-10-03,46404.0389772,115,22553900.0,0.225539,227447.0,25.8,79,72.8693649675,0.1,108,
2016-10-04,88379.4121571,121,23930600.0,0.239306,255553.0,75.8,76,52.3624861723,0.1,108,
2016-10-05,83824.7900877,169,23384400.0,0.233844,288399.0,19.6,88,93.5142156,0.1,166,
2016-10-06,48374.8981247,101,22935700.0,0.229357,338222.0,46.2,99,34.3806143,0.1,92,
2016-10-07,106604.044396,144,22415500.0,0.224155,276562.0,26.1,101,55.9350783125,0.1,131,
2016-10-08,57244.3385526,97,22357400.0,0.223574,285140.0,16.4,77,145.3231,0.1,94,
2016-10-09,36379.875653,105,21926700.0,0.219267,176536.0,43.9,77,65.7801,0.1,99,
2016-10-10,141563.323324,161,21459100.0,0.214591,311046.0,23.7,95,112.428130454,0.1,157,
2016-10-11,107633.799257,87,21614100.0,0.216141,322079.0,12.3,66,54.0136359,0.1,83,
2016-10-12,226295.812721,132,21100200.0,0.211002,339619.0,14.1,105,49.4405294303,0.1,131,
2016-10-13,101973.893275,88,20732800.0,0.207328,220006.0,15.5,67,85.4771994504,0.1,85,
2016-10-14,110751.008766,133,20188200.0,0.201882,470917.0,48.9,96,128.122247295,0.1,129,
2016-10-15,95510.3891924,171,18355700.0,0.183557,383196.0,42.0,105,118.3024865,0.1,170,
2016-10-16,83842.629847,97,17968800.0,0.179688,151522.0,21.3,74,53.9064,0.1,93,
2016-10-17,55434.5214466,117,18088000.0,0.18088,233512.0,21.1,82,63.66976,0.1,111,
2016-10-18,52374.9793614,152,18189900.0,0.181899,251222.0,20.1,94,19.9563240603,0.1,151,
2016-10-19,37412.0907218,110,17907700.0,0.179077,229047.0,11.9,72,25.0318148675,0.1,109,
2016-10-20,98968.2660945,116,18137300.0,0.181373,362233.0,11.6,81,45.33418135,0.1,116,
2016-10-21,65889.7032653,120,19274500.0,0.192745,264112.0,12.9,84,115.985442735,0.1,119,
2016-10-22,64537.3984682,78,18946400.0,0.189464,386420.0,7.8,58,33.2099983028,0.1,78,
2016-10-23,113882.322116,145,18058500.0,0.180585,249105.0,19.4,110,180.585,0.1,144,
2016-10-24,31413.3317774,57,17137100.0,0.171371,320194.0,17.4,48,34.2742,0.1,54,
2016-10-25,32165.696972,60,18116800.0,0.181168,331849.0,6.0,51,13.9557005067,0.1,60,
2016-10-26,40857.6406901,96,18592200.0,0.185922,670246.0,9.6,66,111.460239,0.1,96,
2016-10-27,248319.354082,200,19270100.0,0.192701,344699.0,20.0,131,88.243255841,0.1,200,
2016-10-28,45075.2664563,103,18853700.0,0.188537,279112.0,15.2,79,43.0123341776,0.1,102,
2016-10-29,336206.629666,263,17953700.0,0.179537,493803.0,57.0,163,89.61589355,0.1,260,
2016-10-30,95962.8873431,179,15143500.0,0.151435,350482.0,49.5,111,136.07316419,0.1,175,
2016-10-31,144243.465829,215,16887400.0,0.168874,211837.0,50.0,127,78.771748114,0.1,210,
2016-11-01,93962.7434041,186,16261400.0,0.162614,391748.0,18.6,120,58.5241537833,0.1,186,
2016-11-02,985142.420995,227,16208000.0,0.16208,338989.0,27.6,138,92.2461626732,0.1,226,
2016-11-03,117626.702788,176,17931100.0,0.179311,279350.0,27.4,124,85.05617285,0.1,174,
2016-11-04,92015.9726419,121,18856000.0,0.18856,195659.0,12.1,82,64.5403168,0.1,121,
2016-11-05,91932.875344,153,18738800.0,0.187388,184949.0,41.1,96,155.748645256,0.1,151,
2016-11-06,63094.7933675,147,19744200.0,0.197442,247202.0,40.1,109,88.8489,0.1,141,
2016-11-07,1420776.01825,1375,21494000.0,0.21494,982103.0,176.7,833,107.706434,0.1,1367,
2016-11-08,2244625.85897,1101,21045700.0,0.210457,352962.0,140.8,697,75.7434743,0.1,1098,
2016-11-09,493267.655619,374,18743100.0,0.187431,243218.0,75.3,227,37.45808535,0.1,363,
2016-11-10,117830.010656,303,18070900.0,0.180709,78803.0,40.6,187,44.4724849,0.1,296,
2016-11-11,93102.246637,244,18623700.0,0.186237,145430.0,62.3,151,23.9903687256,0.1,233,
2016-11-12,39731.8581545,183,18270400.0,0.182704,125716.0,18.3,119,13.6283543064,0.1,183,
2016-11-13,48495.9098041,144,18269000.0,0.18269,126359.0,39.3,98,14.751885481,0.1,143,
2016-11-14,95319.8569657,87,18138600.0,0.181386,129702.0,8.7,65,57.6424678505,0.1,87,
2016-11-15,35146.0632473,120,17940400.0,0.179404,113336.0,16.5,74,12.1159739105,0.1,115,
2016-11-16,38654.9606373,98,17558700.0,0.175587,310208.0,35.6,71,23.4856351904,0.1,96,
2016-11-17,120552.075308,119,16864300.0,0.168643,115570.0,65.3,83,76.9973415171,0.1,113,
2016-11-18,27875.419563,95,16164400.0,0.161644,108472.0,14.9,82,4.0411,0.1,89,
2016-11-19,135578.009311,194,16323600.0,0.163236,46928.0,75.6,127,40.9754159785,0.1,176,
2016-11-20,36632.9733097,153,15982700.0,0.159827,174667.0,75.9,99,15.9667173,0.1,139,
2016-11-21,48979.4536993,298,16435300.0,0.164353,71885.0,112.6,242,71.395764965,0.1,286,
2016-11-22,15423.535818,124,16782400.0,0.167824,52966.0,70.3,106,4.1956,0.1,113,
2016-11-23,94646.8820427,107,16363600.0,0.163636,53504.0,111.8,83,4.0909,0.1,88,
2016-11-24,8595.99046525,80,16299700.0,0.162997,82798.0,67.7,59,13.2034244344,0.1,67,
2016-11-25,15106.3041508,171,16275600.0,0.162756,107960.0,73.5,96,0.162756,0.1,135,
2016-11-26,14184.3634641,59,16117700.0,0.161177,109529.0,119.9,60,3.545894,0.1,39,
2016-11-27,9820.81027449,103,16246700.0,0.162467,48853.0,69.7,99,0.162467,0.1,77,
2016-11-28,9687.73511027,270,15730200.0,0.157302,190134.0,139.5,215,0.157302,0.1,185,
2016-11-29,140862.986555,336,16905200.0,0.169052,241875.0,223.7,224,3.73421701865,0.1,227,
2016-11-30,36425.0212876,549,18063700.0,0.180637,144182.0,714.5,209,0.0,1.0,105,
2016-12-01,36243.3588416,255,17068000.0,0.17068,97247.0,252.0,172,1.70560911273,0.1,150,
2016-12-02,16275.0128706,254,16174400.0,0.161744,131762.0,171.0,155,0.323488,0.1,150,
2016-12-03,7726.45930236,235,15220200.0,0.152202,42210.0,188.9,158,1.5067998,0.1,149,
2016-12-04,70634.5769992,539,15573600.0,0.155736,67621.0,393.8,336,0.155736,0.1,348,
2016-12-05,933731.783836,550,15284200.0,0.152842,73567.0,328.8,297,1.89685861346,0.1,428,
2016-12-06,168306.229337,477,14460300.0,0.144603,178198.0,211.7,285,1.44603,0.1,397,
2016-12-07,85314.2644962,500,14311200.0,0.143112,66506.0,282.4,267,0.160171524995,0.1,384,
2016-12-08,95263.1665881,513,14746500.0,0.147465,70775.0,220.1,271,0.496477943588,0.1,401,
2016-12-09,76934.1019064,400,14110000.0,0.1411,43190.0,208.0,243,0.175573535773,0.1,280,
2016-12-10,45062.7513212,421,14340000.0,0.1434,44838.0,159.8,236,0.391204525302,0.1,348,
2016-12-11,24952.0868509,428,13590500.0,0.135905,43162.0,120.5,231,0.186097885125,0.1,355,
2016-12-12,33550.1988964,539,13551900.0,0.135519,72220.0,338.4,276,0.301694476661,0.1,414,
2016-12-13,30031.0313534,527,13706300.0,0.137063,45407.0,176.0,285,0.183807199898,0.1,430,
2016-12-14,30176.5770177,909,13842700.0,0.138427,75608.0,369.2,363,0.240266200439,0.1,782,
2016-12-15,34210.0430411,556,13612700.0,0.136127,79341.0,234.2,319,0.180000372044,0.1,482,
2016-12-16,140949.094331,694,14164100.0,0.141641,43560.0,342.2,328,0.186858055707,0.1,542,
2016-12-17,101795.432167,682,13907100.0,0.139071,34816.0,336.9,315,0.171495548284,0.1,539,
2016-12-18,47433.2249447,850,13437200.0,0.134372,143862.0,196.0,399,0.2553068,0.1,780,
2016-12-19,60628.1694523,462,14879200.0,0.148792,150048.0,134.7,282,0.269726555433,0.1,417,
2016-12-20,37790.2368714,562,15457600.0,0.154576,119852.0,175.8,308,0.603019577676,0.1,518,
2016-12-21,202065.138725,696,14870900.0,0.147532,187510.0,218.4,377,0.197781855074,0.1,624,
2016-12-22,141290.579601,775,15533800.0,0.154109,176840.0,245.8,371,0.351507002347,0.1,708,
2016-12-23,394263.21406,649,14829500.0,0.147121,114771.0,167.7,349,0.4266509,0.1,597,
2016-12-24,61459.2464155,634,13586800.0,0.134793,133874.0,147.2,330,0.55432807909,0.1,572,
2016-12-25,37870.4017736,502,13857200.0,0.137475,75791.0,200.1,261,0.24087000249,0.1,451,
2016-12-26,68946.9287798,763,14305000.0,0.141918,81084.0,207.4,357,0.370826214809,0.1,644,
2016-12-27,36528.064389,445,14076800.0,0.139654,59771.0,126.8,271,0.224687904508,0.1,358,
2016-12-28,98911.4851578,727,13862900.0,0.137137,131484.0,213.8,373,0.445544056458,0.1,628,
2016-12-29,55212.0007332,628,13263400.0,0.131151,129925.0,303.1,331,0.2491869,0.1,481,
2016-12-30,66571.6536219,779,14512300.0,0.14344,80064.0,293.0,377,0.75215994986,0.1,700,
2016-12-31,27823.1120372,427,14871100.0,0.146924,30538.0,191.4,249,0.79625691883,0.1,324,
2017-01-01,101741.695464,879,14617900.0,0.144362,207507.0,191.4,464,0.5630118,0.1,764,
2017-01-02,284565.960327,631,15224700.0,0.150291,188263.0,158.4,378,0.803102487121,0.1,534,
2017-01-03,29900.265364,695,16021700.0,0.158092,111416.0,111.3,339,0.745684619372,0.1,653,
2017-01-04,70352.4235487,498,16134600.0,0.15914,204520.0,133.4,337,0.95388334103,0.1,454,
2017-01-05,114699.74502,457,17636100.0,0.173878,161476.0,151.7,282,1.72542497854,0.1,397,
2017-01-06,32319.2395722,594,16057500.0,0.158248,188513.0,168.8,363,0.637168536603,0.1,508,
2017-01-07,114252.568449,659,14349800.0,0.141359,98729.0,131.1,332,0.428165373689,0.1,591,
2017-01-08,14107.2564433,363,14782400.0,0.145559,141961.0,122.1,252,0.729451170302,0.1,321,
2017-01-09,16069.0974839,466,16119400.0,0.158679,92910.0,71.8,286,0.871438631285,0.1,438,
2017-01-10,70519.308133,653,15162400.0,0.149196,93383.0,302.1,374,0.606616192451,0.1,501,
2017-01-11,21723.0031513,692,15156100.0,0.149072,139328.0,140.4,368,0.728697616582,0.1,644,
2017-01-12,95890.0989873,435,14280500.0,0.140401,102894.0,105.7,252,0.73200619035,0.1,397,
2017-01-13,22232.2924242,721,14077100.0,0.138343,55126.0,154.5,349,0.691715,0.1,665,
2017-01-14,61631.4484073,653,14297200.0,0.140447,73772.0,190.0,293,0.4072963,0.1,550,
2017-01-15,185355.944439,762,15077600.0,0.148051,270640.0,244.6,411,0.853103744952,0.1,686,
2017-01-16,69924.2250159,692,16491200.0,0.161863,119266.0,119.5,337,0.816505503176,0.1,645,
2017-01-17,47177.4793223,821,15772900.0,0.154748,105637.0,208.5,387,0.657175265858,0.1,765,
2017-01-18,96673.89482,770,16074800.0,0.157643,78993.0,191.5,365,0.405518990648,0.1,705,
2017-01-19,37609.8698004,653,16561400.0,0.162348,69961.0,205.3,335,0.7955052,0.1,613,
2017-01-20,92771.2478424,625,16019200.0,0.156967,39035.0,140.8,293,0.4552043,0.1,578,
2017-01-21,46625.9839109,494,15811400.0,0.154866,54266.0,137.8,329,0.648376667605,0.1,458,
2017-01-22,18223.2064155,477,16161100.0,0.158225,39804.0,104.0,265,0.4588525,0.1,450,
2017-01-23,25930.2689685,724,15913000.0,0.155731,55916.0,156.7,386,0.783810554178,0.1,657,
2017-01-24,36037.4417812,659,15727600.0,0.153851,45335.0,182.7,309,0.5705078212,0.1,587,
2017-01-25,43041.4718983,870,15237700.0,0.148996,73999.0,190.2,374,0.49231053227,0.1,782,
2017-01-26,40609.8209772,526,14913500.0,0.145769,169125.0,103.0,290,0.737730490062,0.1,470,
2017-01-27,91577.0567755,805,14970400.0,0.146261,291370.0,205.2,510,0.521556220072,0.1,772,
2017-01-28,86875.4934794,952,15020300.0,0.146687,206858.0,153.8,557,0.1320183,0.1,918,
2017-01-29,29453.1079062,1076,15909800.0,0.155309,144577.0,237.8,451,0.520141523343,0.1,1038,
2017-01-30,45830.4025976,541,16188000.0,0.157961,189453.0,149.6,307,0.340460693225,0.1,466,
2017-01-31,44561.8734034,890,16579600.0,0.161715,164623.0,171.4,461,0.417254060167,0.1,834,
2017-02-01,116548.208795,680,16431000.0,0.160204,188355.0,123.2,325,0.629218159583,0.1,672,
2017-02-02,34383.7332467,775,16411800.0,0.159949,135496.0,116.8,407,0.702419128513,0.1,758,
2017-02-03,67621.1237229,493,16265500.0,0.158457,107780.0,101.6,276,0.618609851518,0.1,466,
2017-02-04,28678.8399504,759,16475900.0,0.16044,117411.0,87.6,372,0.617738140253,0.1,746,
2017-02-05,43387.5263717,702,16306400.0,0.158723,118021.0,86.4,334,0.405215846163,0.1,684,
2017-02-06,45172.6931252,695,16900700.0,0.164439,132625.0,96.9,388,0.648376984843,0.1,669,
2017-02-07,81431.8577179,749,16477700.0,0.160256,80620.0,186.9,355,0.436406052669,0.1,629,
2017-02-08,86159.0845195,1030,17037100.0,0.165628,101197.0,225.1,381,0.483944827603,0.1,921,
2017-02-09,86495.923262,695,16688100.0,0.16217,189544.0,138.8,364,0.186349649167,0.1,618,
2017-02-10,71853.2368845,1139,15890400.0,0.154354,56800.0,202.0,470,0.535222754315,0.1,1050,
2017-02-11,17359.8832338,730,15171900.0,0.147314,59644.0,147.8,298,0.290727335939,0.1,678,
2017-02-12,35866.5290007,1358,15505700.0,0.150493,79289.0,226.7,635,0.291777616257,0.1,1257,
2017-02-13,52014.4084296,677,15444200.0,0.149834,89637.0,158.4,296,0.746377116715,0.1,634,
2017-02-14,198063.603695,1065,14872300.0,0.144226,94109.0,202.6,475,0.401198970749,0.1,1016,
2017-02-15,53369.4746993,1101,15212800.0,0.147469,96408.0,223.6,416,0.280307907246,0.1,1006,
2017-02-16,78570.9912384,1318,14634700.0,0.141806,99588.0,471.5,481,0.27260448438,0.1,1145,
2017-02-17,42643.82056,1212,14903000.0,0.144346,75400.0,874.9,500,0.28860432857,0.1,1099,
2017-02-18,41225.0197002,1205,15047000.0,0.14568,106133.0,222.9,441,0.278118986009,0.1,1149,
2017-02-19,85727.4486229,746,14389200.0,0.139254,83473.0,117.3,384,0.360110859318,0.1,703,
2017-02-20,90437.8085995,1215,14020100.0,0.135625,126712.0,245.4,466,0.317505550469,0.1,1144,
2017-02-21,99127.5086513,661,12621300.0,0.122043,172798.0,103.8,347,0.627102187544,0.1,628,
2017-02-22,45082.9858126,1027,13470600.0,0.130201,78040.0,134.6,365,0.340803329615,0.1,996,
2017-02-23,74596.4849291,644,13392700.0,0.129396,99217.0,114.9,331,0.439789092636,0.1,619,
2017-02-24,29021.8089364,983,13943000.0,0.134658,107579.0,128.9,409,0.299002192326,0.1,949,
2017-02-25,106672.699824,860,13731700.0,0.132563,88925.0,142.4,380,0.292237365198,0.1,824,
2017-02-26,88517.2001466,1205,13492500.0,0.130199,102766.0,175.0,606,0.17570404135,0.1,1180,
2017-02-27,210669.510052,1290,13306700.0,0.128353,116903.0,172.5,506,0.652865260085,0.1,1255,
2017-02-28,130803.982603,935,12820400.0,0.123611,215096.0,291.4,473,0.632505606747,0.1,884,
2017-03-01,56451.4181863,729,11665800.0,0.112432,231932.0,91.8,382,0.678611791415,0.1,708,
2017-03-02,220425.60555,956,10895600.0,0.104965,215899.0,249.8,488,0.573289133302,0.1,838,
2017-03-03,54901.6007002,708,11271100.0,0.108538,149754.0,232.2,324,0.634530052251,0.1,622,
2017-03-04,29796.844746,978,11358000.0,0.109329,95676.0,239.5,566,0.242177756444,0.1,905,
2017-03-05,49066.8134571,841,12074800.0,0.116181,203732.0,264.9,398,0.575076465284,0.1,729,
2017-03-06,44007.8781003,968,12345600.0,0.118737,103639.0,276.6,437,0.50635971543,0.1,876,
2017-03-07,30788.9413155,616,13095000.0,0.125893,134803.0,108.8,326,0.809623779828,0.1,568,
2017-03-08,58147.4044415,655,12513000.0,0.120248,142038.0,117.6,339,0.603589526874,0.1,606,
2017-03-09,29612.2748262,606,11506700.0,0.110532,157196.0,181.5,292,0.557018080566,0.1,525,
2017-03-10,61573.3297193,570,12377100.0,0.118843,178964.0,101.1,291,0.626708147476,0.1,521,
2017-03-11,16366.3106104,518,11927000.0,0.114474,86252.0,139.2,252,0.589354821611,0.1,452,
2017-03-12,141269.843131,1256,11627200.0,0.111551,160726.0,279.7,530,0.440955702816,0.1,1147,
2017-03-13,130841.097933,1034,11816200.0,0.113317,293186.0,373.4,583,1.13601859051,0.1,934,
2017-03-14,353364.02292,603,13568000.0,0.130063,1078790.0,171.7,348,2.86232008255,0.1,537,
2017-03-15,172025.217905,791,15331100.0,0.146904,575218.0,299.0,480,0.868783098837,0.1,640,
2017-03-16,406019.926394,1018,17889000.0,0.171343,955187.0,272.6,515,2.13603608778,0.1,926,
2017-03-17,219238.192316,754,20321500.0,0.194562,474332.0,489.8,401,1.34487401878,0.1,538,
2017-03-18,163208.814104,894,17186500.0,0.16448,552518.0,407.2,453,0.861477362355,0.1,692,
2017-03-19,446103.458725,1825,18570200.0,0.177649,423163.0,430.8,735,0.742232881533,0.1,1638,
2017-03-20,348302.983499,900,19585400.0,0.187285,1183900.0,405.6,470,2.25010751166,0.1,736,
2017-03-21,1589805.76189,1938,25204800.0,0.240922,6382180.0,507.5,902,29.9047141222,0.1,1785,
2017-03-22,612456.913631,1173,31990800.0,0.30566,1726510.0,325.7,614,11.0968518096,0.1,1017,
2017-03-23,298798.800435,984,30009500.0,0.286611,1102930.0,439.7,494,2.23634366082,0.1,707,
2017-03-24,204428.02088,921,28291600.0,0.270093,973098.0,316.3,476,1.97611144484,0.1,743,
2017-03-25,243013.443935,1012,27060600.0,0.258235,1064710.0,287.9,581,1.37464381486,0.1,889,
2017-03-26,190362.164765,1474,28232500.0,0.269307,660583.0,259.4,650,1.3196043,0.1,1354,
2017-03-27,402616.106854,1077,28413300.0,0.270922,1907780.0,277.0,588,1.48460259927,0.1,920,
2017-03-28,239142.147561,489,30155600.0,0.287418,927521.0,139.6,285,9.80121153922,0.1,446,
2017-03-29,352831.014719,657,31894700.0,0.30387,1089920.0,165.8,416,3.2524493111,0.1,608,
2017-03-30,396159.138757,1337,35284300.0,0.336026,893252.0,537.1,620,1.70000016161,0.1,1151,
2017-03-31,270952.518537,691,34687700.0,0.330211,1263370.0,222.8,389,4.10813529448,0.1,578,
2017-04-01,195764.597211,709,32586900.0,0.310093,477805.0,237.0,389,1.6474300795,0.1,560,
2017-04-02,439758.436411,847,32919700.0,0.313124,1075910.0,294.5,414,3.23237603662,0.1,645,
2017-04-03,263230.594442,1067,28673600.0,0.272624,878806.0,279.8,547,1.40795120658,0.1,888,
2017-04-04,165416.532777,1049,28592300.0,0.27174,398036.0,344.5,546,1.44988912333,0.1,845,
2017-04-05,162979.580281,658,27882600.0,0.264887,432126.0,270.4,378,1.42391949796,0.1,524,
2017-04-06,1005813.49319,659,29536500.0,0.280484,496981.0,152.6,370,4.11755805575,0.1,576,
2017-04-07,121999.058919,557,27770500.0,0.263605,322996.0,275.0,310,2.61838382555,0.1,460,
2017-04-08,179610.258441,710,25973300.0,0.246445,504917.0,291.3,367,1.2440422423,0.1,563,
2017-04-09,118947.251611,1014,29470500.0,0.279514,491350.0,325.3,530,1.65504730771,0.1,823,
2017-04-10,303202.208823,691,27653600.0,0.262175,194765.0,319.0,382,2.615232125,0.1,560,
2017-04-11,92524.7980842,631,28371900.0,0.268876,255568.0,220.5,385,1.49695632118,0.1,545,
2017-04-12,133372.153796,832,27754900.0,0.262921,262867.0,207.8,458,1.37305711952,0.1,738,
2017-04-13,80253.5124613,486,28320300.0,0.268168,428610.0,141.6,300,2.67332289826,0.1,436,
2017-04-14,98706.3323148,487,30350200.0,0.287273,392016.0,82.4,281,3.24097814008,0.1,454,
2017-04-15,173182.267955,1158,29729900.0,0.281287,389603.0,196.8,576,1.0193449652,0.1,1068,
2017-04-16,345200.047515,1036,32136100.0,0.303929,1077330.0,242.3,515,2.66471889346,0.1,913,
2017-04-17,187614.890182,815,33882200.0,0.320314,372442.0,316.9,447,1.62037254391,0.1,709,
2017-04-18,746323.198425,862,33885800.0,0.320217,429400.0,276.0,464,1.62631303056,0.1,740,
2017-04-19,440664.488726,1298,36542000.0,0.345177,1542540.0,257.7,590,0.882215997997,0.1,1187,
2017-04-20,159917.516216,625,40038000.0,0.378047,1270910.0,162.9,362,1.98109454757,0.1,549,
2017-04-21,191806.309107,742,38244100.0,0.360962,938690.0,200.1,420,1.80143226018,0.1,651,
2017-04-22,185572.160466,670,39982500.0,0.377217,395196.0,196.9,376,1.85061521759,0.1,579,
2017-04-23,349027.799003,1377,38704200.0,0.365008,527389.0,249.6,581,0.831566054656,0.1,1266,
2017-04-24,336661.800784,604,38697400.0,0.364801,719502.0,200.4,371,5.72429526928,0.1,544,
2017-04-25,284468.301167,773,41151200.0,0.387777,802299.0,119.1,457,2.10494179078,0.1,731,
2017-04-26,853763.270299,886,42104600.0,0.3966,2545520.0,206.1,455,28.7592890393,0.1,791,
2017-04-27,1271039.98801,1653,49495200.0,0.466027,3305200.0,287.4,816,5.56482962799,0.1,1584,
2017-04-28,870643.331027,829,55014000.0,0.51778,1729530.0,149.3,413,45.253227598,0.1,773,
2017-04-29,395981.425647,1250,55844200.0,0.52538,1393280.0,192.6,609,1.71918677823,0.1,1206,
2017-04-30,1196399.98211,1147,56129800.0,0.527853,2435590.0,187.0,620,5.25315282832,0.1,1080,
2017-05-01,356177.714848,1145,62310900.0,0.585743,3663340.0,252.5,610,3.70786016424,0.1,1085,
2017-05-02,1689494.05673,1271,63000500.0,0.591992,1830930.0,294.3,676,5.8607208,0.1,1223,
2017-05-03,460859.528116,898,56910500.0,0.534553,1150410.0,283.4,472,3.22562381559,0.1,754,
2017-05-04,696254.995727,1270,57591000.0,0.540726,2307830.0,290.6,633,2.90429618441,0.1,1146,
2017-05-05,806095.758789,1478,62495800.0,0.58654,2413470.0,350.8,714,2.9501228833,0.1,1328,
2017-05-06,583356.568802,837,63889800.0,0.599381,2110440.0,191.0,489,3.16444207109,0.1,780,
2017-05-07,1580508.81297,1890,69402800.0,0.650837,2951520.0,370.6,677,2.30190327615,0.1,1786,
2017-05-08,349371.162488,1434,66399900.0,0.622425,2731790.0,272.5,633,2.47553809157,0.1,1335,
2017-05-09,880266.292552,1417,64866300.0,0.607803,2208760.0,329.9,688,6.08410803,0.1,1279,
2017-05-10,607987.742302,1203,59079500.0,0.553356,1114170.0,181.5,636,2.90066352689,0.1,1135,
2017-05-11,787565.571469,1095,59058700.0,0.552938,708928.0,246.7,543,2.00247225472,0.1,987,
2017-05-12,332526.76241,709,58263500.0,0.545272,1057590.0,185.2,414,8.95517357131,0.1,622,
2017-05-13,211173.655068,1256,61304800.0,0.573503,712993.0,166.0,558,2.49169434628,0.1,1220,
2017-05-14,485034.104845,2099,60331900.0,0.564176,598750.0,278.9,681,2.37804278789,0.1,2049,
2017-05-15,557809.800335,1339,63209300.0,0.590845,838855.0,224.8,630,3.06245809051,0.1,1278,
2017-05-16,845154.725063,1014,59783300.0,0.558597,1029190.0,233.4,574,3.98122378519,0.1,934,
2017-05-17,410007.795209,978,53435800.0,0.499086,1420630.0,160.6,526,2.70621206974,0.1,926,
2017-05-18,632220.070932,1844,60422800.0,0.564117,1248860.0,226.7,874,1.74982212865,0.1,1797,
2017-05-19,821839.082491,885,65060800.0,0.607173,3161790.0,167.3,453,55.5396744653,0.1,833,
2017-05-20,401051.553162,1334,74103296.0,0.691283,1846660.0,195.6,683,2.5772629696,0.1,1296,
2017-05-21,2073206.60096,2441,82545400.0,0.769726,2765610.0,416.1,856,4.66685565014,0.1,2361,
2017-05-22,1075066.21596,1264,85935800.0,0.801021,2835930.0,244.0,686,4.47694735724,0.1,1200,
2017-05-23,1186725.76918,1136,89291696.0,0.831967,2964880.0,205.2,607,8.32187316509,0.1,1092,
2017-05-24,5246025.92967,3563,107695000.0,1.0,26611500.0,464.9,1549,12.13874146,0.1,3509,
2017-05-25,3138324.0033,1219,171556992.0,1.6,5840190.0,253.5,622,174.4,0.1,1175,
2017-05-26,2697957.34924,1700,122385000.0,1.14,5264140.0,260.5,767,20.1913288173,0.1,1665,
2017-05-27,1217325.41313,1040,116767000.0,1.09,4198240.0,241.9,566,11.452793718,0.1,949,
2017-05-28,1443634.06615,3004,109795000.0,1.02,2280430.0,324.7,920,4.5056782728,0.1,2977,
2017-05-29,1469494.97732,1604,112500000.0,1.05,1529040.0,232.9,777,5.3386812885,0.1,1559,
2017-05-30,2120196.37589,1595,112837000.0,1.05,4453960.0,219.2,1025,10.5525,0.1,1542,
2017-05-31,1076849.89229,2084,118519000.0,1.1,2314240.0,332.3,1014,4.427526059,0.1,2013,
2017-06-01,1156764.41013,1204,129299000.0,1.2,2393340.0,263.6,661,8.185109016,0.1,1116,
2017-06-02,1361828.35958,1755,146640992.0,1.36,2964900.0,270.4,861,7.0091365704,0.1,1694,
2017-06-03,1536040.55058,1108,147958000.0,1.37,3071640.0,189.8,553,75.9601280615,0.1,1038,
2017-06-04,1531225.73159,3239,144816000.0,1.34,2664770.0,396.3,909,5.3940296216,0.1,3163,
2017-06-05,1357231.69345,1444,151999008.0,1.41,8074300.0,285.8,745,12.4251999555,0.1,1358,
2017-06-06,5350846.63361,2659,191823008.0,1.78,20178400.0,407.6,1288,9.0064983256,0.1,2586,
2017-06-07,20694252.177,3520,223650000.0,2.07,61086200.0,483.4,1697,206.793,0.1,3454,
2017-06-08,5206333.28385,2224,247738000.0,2.29,26882100.0,348.6,1037,44.13059,0.1,2146,
2017-06-09,8976883.54373,2644,343129984.0,3.18,34396000.0,455.7,1211,309.090215596,0.1,2507,
2017-06-10,14644264.2007,4483,413384000.0,3.82,49281100.0,622.7,1885,99.5556710418,0.1,4387,
2017-06-11,17839668.824,3627,405172992.0,3.75,24804300.0,511.3,1347,49.2075501,0.1,3533,
2017-06-12,3640461.22868,2236,422959008.0,3.91,16403700.0,311.4,1071,28.772971342,0.1,2174,
2017-06-13,3146416.38265,2003,355385984.0,3.28,14573900.0,322.0,1181,98.072,0.1,1930,
2017-06-14,14402185.0586,2098,396643008.0,3.66,10046400.0,309.2,1053,42.4225179906,0.1,2032,
2017-06-15,18722326.8646,2274,362704000.0,3.35,11800200.0,355.0,1091,52.4993423245,0.1,2230,
2017-06-16,28941535.3381,1549,331747008.0,3.06,6221340.0,242.9,808,35.4432206916,0.1,1469,
2017-06-17,18242670.3272,2726,335214016.0,3.09,9943670.0,319.8,1122,13.4093858926,0.1,2678,
2017-06-18,8812471.18474,3520,333468992.0,3.08,9517270.0,564.1,1351,16.4742769268,0.1,3391,
2017-06-19,5083216.09886,2309,340569984.0,3.14,10300700.0,377.2,1038,28.574,0.1,2182,
2017-06-20,5900845.38189,2025,341020992.0,3.14,14951100.0,409.2,1065,329.728927407,0.1,1942,
2017-06-21,4859271.90215,2106,353766016.0,3.26,7510400.0,329.9,1041,48.5915327201,0.1,2049,
2017-06-22,3002474.86366,1662,338699424.0,3.12,6135490.0,224.9,898,34.164,0.1,1619,
2017-06-23,4358886.8746,2587,343786240.0,3.16,6877380.0,401.3,1279,6.2978661592,0.1,2513,
2017-06-24,947847.269603,1580,364368640.0,3.35,6670220.0,291.9,957,11.711016564,0.1,1529,
2017-06-25,7321768.09827,4197,354212352.0,3.26,8092880.0,528.9,1490,17.5948883,0.1,4129,
2017-06-26,4346243.1315,2124,328041600.0,3.02,9997920.0,337.7,1140,75.198,0.1,2047,
2017-06-27,3293447.5756,2168,304948544.0,2.8,8630910.0,391.1,1080,26.88336,0.1,2081,
2017-06-28,3227168.74927,1978,303892736.0,2.79,9012530.0,519.7,972,55.5574148429,0.1,1807,
2017-06-29,2625832.90985,1381,318024608.0,2.92,6162700.0,250.8,810,87.016,0.1,1318,
2017-06-30,3225226.14517,2550,295518336.0,2.71,7804690.0,326.7,1314,14.5581764087,0.1,2497,
2017-07-01,5125078.38515,2212,277508256.0,2.55,4565360.0,309.8,934,14.1415135162,0.1,2158,
2017-07-02,2716344.39438,3843,251723440.0,2.31,6773080.0,463.6,1332,6.699,0.1,3786,
2017-07-03,3258560.95205,1549,279704128.0,2.56,4287060.0,267.8,770,25.401745152,0.1,1468,
2017-07-04,5004887.73248,1452,269301088.0,2.47,4603820.0,373.1,767,24.0986827114,0.1,1261,
2017-07-05,2349694.98442,1367,275228288.0,2.52,4083530.0,276.8,700,22.1980122756,0.1,1278,
2017-07-06,5174049.41438,2757,271300352.0,2.48,6896780.0,432.4,1233,8.4337463664,0.1,2694,
2017-07-07,3805900.84701,1369,274812608.0,2.52,5737670.0,205.6,698,111.5933112,0.1,1306,
2017-07-08,3720684.64921,1478,249154432.0,2.28,5860860.0,225.6,800,37.3366378038,0.1,1436,
2017-07-09,2946097.45941,3846,243719568.0,2.23,3709150.0,574.1,1244,6.467,0.1,3791,
2017-07-10,5763473.20656,1956,226245920.0,2.07,6204310.0,353.0,912,121.412816808,0.1,1870,
2017-07-11,4076483.70383,1874,176205072.0,1.61,4070870.0,280.9,912,159.491066736,0.1,1819,
2017-07-12,2945634.50914,2612,158440688.0,1.45,4100590.0,348.0,1179,7.14007080925,0.1,2560,
2017-07-13,3848264.16278,2335,191979472.0,1.75,4038250.0,303.2,996,14.6268335675,0.1,2302,
2017-07-14,4017461.12578,1310,193898064.0,1.77,2938930.0,207.5,584,205.720770223,0.1,1265,
2017-07-15,3907959.25897,1726,171236176.0,1.56,2383600.0,201.8,777,16.500416166,0.1,1698,
2017-07-16,2133842.5841,3875,153761712.0,1.4,2419470.0,447.0,1112,3.555004082,0.1,3840,
2017-07-17,3646326.61721,1513,154216912.0,1.41,3262690.0,199.8,686,15.2789476287,0.1,1468,
2017-07-18,3315289.44797,1260,194615184.0,1.77,3885070.0,200.9,604,150.386103,0.1,1239,
2017-07-19,5891590.18605,2159,197036336.0,1.8,3404630.0,259.0,1051,9.23254704,0.1,2120,
2017-07-20,2645896.0299,1340,179434736.0,1.63,4647480.0,267.4,658,20.4378515042,0.1,1294,
2017-07-21,2651756.07179,2132,216348688.0,1.97,3640090.0,274.2,1145,6.4700365841,0.1,2082,
2017-07-22,652157.15082,2039,207673408.0,1.89,4316950.0,269.8,879,3.787297668,0.1,1988,
2017-07-23,2108250.73454,3282,249564912.0,2.27,4576990.0,418.9,1085,7.61877320385,0.1,3239,
2017-07-24,8589100.62074,2552,232472368.0,2.11,4449690.0,406.6,1046,37.7689999895,0.1,2486,
2017-07-25,12123890.4515,2044,244539360.0,2.22,8964080.0,316.9,842,291.429224765,0.1,1959,
2017-07-26,6508022.07522,1175,224533776.0,2.04,2562130.0,276.6,549,200.631663731,0.1,1096,
2017-07-27,9241627.23371,2238,214880224.0,1.95,2402090.0,282.2,832,10.4243496142,0.1,2182,
2017-07-28,6128082.14165,1446,216377248.0,1.96,3334170.0,174.6,738,80.889649183,0.1,1426,
2017-07-29,9057981.54819,2334,201880272.0,1.83,2201150.0,326.1,1007,11.2885839879,0.1,2271,
2017-07-30,724894.001199,3325,206800144.0,1.88,1464650.0,416.6,878,3.4658951876,0.1,3276,
2017-07-31,553552.760573,2337,197460368.0,1.79,1577570.0,292.1,1042,9.039236333,0.1,2281,
2017-08-01,659867.875598,679,212411712.0,1.93,2570410.0,103.8,491,19.3,0.1,648,
2017-08-02,1489820.14815,1934,227051648.0,2.06,3877300.0,288.2,1101,10.232511722,0.1,1882,
2017-08-03,8282702.66747,2599,228411696.0,2.07,3850270.0,372.8,1215,14.7085170039,0.1,2518,
2017-08-04,3940907.62999,1400,230211920.0,2.08,3130930.0,285.6,806,113.739869693,0.1,1296,
2017-08-05,7966849.63594,3143,230484240.0,2.09,4122620.0,597.2,1169,7.1503483161,0.1,3002,
2017-08-06,8935918.26692,3864,241330144.0,2.18,3047020.0,535.3,1131,10.7344439221,0.1,3743,
2017-08-07,9611155.50228,3032,237380192.0,2.15,2849090.0,406.9,1218,10.7708234703,0.1,2939,
2017-08-08,6450446.79773,1522,235962592.0,2.13,5271700.0,267.7,830,212.414250021,0.1,1407,
2017-08-09,7062587.04355,1938,260632000.0,2.36,4068390.0,409.7,1014,49.4322025072,0.1,1787,
2017-08-10,1516690.3082,1798,252941552.0,2.28,3331010.0,298.1,931,11.5947947754,0.1,1711,
2017-08-11,3334906.94957,1375,241148432.0,2.18,3014740.0,232.4,785,233.849581,0.1,1314,
2017-08-12,1880813.98522,3786,244159920.0,2.2,3115110.0,434.3,1389,3.08244783,0.1,3733,
2017-08-13,10138971.2664,4547,258204176.0,2.33,5540350.0,582.0,1519,12.4515544374,0.1,4450,
2017-08-14,5582889.63481,2666,248858144.0,2.24,6927410.0,426.7,1427,22.4,0.1,2577,
2017-08-15,4956803.96735,2632,253093840.0,2.28,7013170.0,422.2,1404,13.695336135,0.1,2522,
2017-08-16,19633670.8917,1845,240926544.0,2.17,5825960.0,374.1,943,68.1624342,0.1,1701,
2017-08-17,11322032.9967,2500,247723040.0,2.23,4849940.0,430.0,1154,9.88083310895,0.1,2380,
2017-08-18,8684218.00303,1280,230572880.0,2.08,4453010.0,239.7,724,124.592,0.1,1187,
2017-08-19,8755863.42209,2926,223846432.0,2.01,7596650.0,502.3,1220,9.0253585815,0.1,2773,
2017-08-20,8103673.32334,3858,329010432.0,2.96,47982900.0,589.8,1580,24.3280375656,0.1,3738,
2017-08-21,24790076.3579,5912,382389760.0,3.44,29155700.0,791.8,2484,85.828,0.1,5778,
2017-08-22,19028446.8232,2665,303939328.0,2.73,14401100.0,560.9,1262,119.980722116,0.1,2489,
2017-08-23,22088075.4731,3120,322856896.0,2.9,15018100.0,635.9,1690,86.855,0.1,2889,
2017-08-24,26495817.4263,4008,338476864.0,3.04,39306300.0,768.6,1891,287.817516262,0.1,3746,
2017-08-25,28543478.3389,3833,408945696.0,3.67,34464300.0,706.9,1760,154.14,0.1,3589,
2017-08-26,49231360.2467,7535,480485280.0,4.31,78424096.0,1271.0,3113,85.769,0.1,7200,
2017-08-27,69946803.7316,9427,641194560.0,5.75,120069000.0,1523.7,3896,160.740549305,0.1,9057,
2017-08-28,52203440.8028,5394,764780352.0,6.86,50753000.0,977.5,2321,136.514,0.1,5045,
2017-08-29,46003547.9016,4127,709700992.0,6.36,42990100.0,933.9,2030,381.6,0.1,3779,
2017-08-30,53270352.2032,4477,673036736.0,6.03,45880600.0,734.3,2285,208.035,0.1,4243,
2017-08-31,55887927.9764,5096,668790080.0,5.99,43903100.0,944.3,2391,59.3613160654,0.1,4813,
2017-09-01,33053085.3866,4615,799062400.0,7.16,60253600.0,816.9,2570,254.544113781,0.1,4389,
2017-09-02,20928566.3666,5804,826519808.0,7.4,27494000.0,891.2,2029,37.586695828,0.1,5552,
2017-09-03,6393340.74334,3483,752984512.0,6.74,18028700.0,862.5,1627,16.770888913,0.1,3285,
2017-09-04,14905283.8319,5248,788396096.0,7.05,30177000.0,695.8,2097,23.7136110638,0.1,5098,
2017-09-05,25736562.3084,3386,655140544.0,5.86,30894900.0,592.1,1893,231.65492446,0.1,3211,
2017-09-06,13550548.2765,4142,682024576.0,6.1,27895300.0,646.6,2041,31.1416458545,0.1,3946,
2017-09-07,16209136.8467,3079,776070656.0,6.94,28437300.0,597.6,1664,276.906,0.1,2846,
2017-09-08,24419357.9332,3751,836842560.0,7.48,38000900.0,610.4,1999,232.628,0.1,3534,
2017-09-09,7984811.5271,4430,775341952.0,6.92,13627500.0,745.3,1569,14.5345182226,0.1,4223,
2017-09-10,9818246.8693,5259,773807424.0,6.91,13946200.0,723.0,1812,18.9013710444,0.1,5080,
2017-09-11,8900505.06666,4663,735418176.0,6.56,14443300.0,608.8,2007,25.0435739488,0.1,4518,
2017-09-12,8709243.2901,3875,756697920.0,6.75,22441800.0,707.8,2126,93.825,0.1,3688,
2017-09-13,8420620.17044,2610,787616384.0,7.02,17763300.0,496.7,1562,184.0127679,0.1,2437,
2017-09-14,16114093.0782,3953,734755264.0,6.55,22776700.0,596.9,1934,64.845,0.1,3769,
2017-09-15,10912494.9872,2839,501456576.0,4.47,28816500.0,453.6,1668,304.954965499,0.1,2726,
2017-09-16,8148398.83165,5140,626333440.0,5.58,11270000.0,671.0,1832,11.8146981636,0.1,5010,
2017-09-17,3422305.14227,5522,622974336.0,5.55,8040870.0,720.3,1746,9.94301306175,0.1,5393,
2017-09-18,5551584.97209,4591,624155520.0,5.55,13612300.0,657.1,2271,16.2979363605,0.1,4411,
2017-09-19,6156712.35214,2833,756495232.0,6.73,11091300.0,552.7,1435,23.6999562586,0.1,2627,
2017-09-20,3831708.29598,1832,696189632.0,6.19,10364900.0,367.9,1126,65.8899563591,0.1,1649,
2017-09-21,6848351.35272,3728,679417984.0,6.04,11885300.0,739.1,1794,12.6782887572,0.1,3401,
2017-09-22,5004855.48988,2246,605615936.0,5.38,11819200.0,424.3,1349,28.5858997726,0.1,2053,
2017-09-23,2562055.8895,3534,645080128.0,5.73,7668300.0,584.5,1488,7.74587304765,0.1,3335,
2017-09-24,3853429.25622,6577,671135360.0,5.96,6273950.0,906.4,1848,8.5647282424,0.1,6354,
2017-09-25,3858632.22396,6340,648759104.0,5.76,8536390.0,965.7,2632,8.3053623456,0.1,6087,
2017-09-26,4332999.29047,2095,692649344.0,6.14,9352180.0,490.0,1163,30.7,0.1,1890,
2017-09-27,5686962.5317,2232,691191296.0,6.13,11109500.0,450.0,1281,47.8820403641,0.1,2060,
2017-09-28,7299565.81501,4393,715512768.0,6.34,9145610.0,694.6,2054,16.2439284822,0.1,4216,
2017-09-29,7330965.73058,1972,676183168.0,5.99,8932120.0,424.4,1084,179.7,0.1,1804,
2017-09-30,7295907.14462,3303,645070208.0,5.71,12114700.0,657.8,1536,15.0358665218,0.1,3068,
2017-10-01,4731244.48641,6623,661246400.0,5.85,11903000.0,934.5,2031,10.1730861765,0.1,6405,
2017-10-02,6336799.24224,4927,622697472.0,5.51,10486800.0,770.1,2209,21.489,0.1,4681,
2017-10-03,3208678.36045,2684,612238784.0,5.42,11714700.0,475.0,1910,15.718,0.1,2530,
2017-10-04,3467070.90177,2583,646838528.0,5.72,9621440.0,496.5,1291,24.5102633204,0.1,2385,
2017-10-05,3480951.5233,1964,626277568.0,5.54,10001200.0,477.0,1151,27.9381080643,0.1,1750,
2017-10-06,2262777.10334,1428,613636160.0,5.42,7992970.0,406.5,846,156.909,0.1,1255,
2017-10-07,3475449.3376,4957,604461952.0,5.34,8526500.0,817.3,1791,9.243283947,0.1,4773,
2017-10-08,5890497.09328,5594,585925952.0,5.17,12078300.0,849.7,1961,11.4424463021,0.1,5347,
2017-10-09,8988177.66154,4541,528323424.0,4.66,14700000.0,672.1,2413,19.1697557434,0.1,4361,
2017-10-10,2902148.95277,2235,535293280.0,4.72,10170300.0,474.9,1313,23.7300858904,0.1,2069,
2017-10-11,4306546.234,1945,558727808.0,4.93,12557800.0,426.3,1187,74.4820605872,0.1,1723,
2017-10-12,14928955.0618,2241,608778624.0,5.37,12557300.0,505.6,1290,27.6789376872,0.1,2026,
2017-10-13,5296973.83167,2371,564070464.0,4.97,11823300.0,476.9,1313,39.5112611418,0.1,2229,
2017-10-14,6031436.90929,5525,553613888.0,4.88,9047430.0,787.9,2032,7.8295910232,0.1,5339,
2017-10-15,4067038.30163,3444,544146752.0,4.79,9608200.0,484.5,1468,13.6811940004,0.1,3315,
2017-10-16,2784087.9153,4726,558002432.0,4.91,8730360.0,791.7,2050,10.8161536151,0.1,4557,
2017-10-17,3684017.15232,3584,563971520.0,4.96,8296440.0,619.0,2397,14.88,0.1,3370,
2017-10-18,5543675.68377,2612,581732928.0,5.12,13438000.0,598.9,1550,25.088,0.1,2339,
2017-10-19,3691696.61665,2429,586420736.0,5.16,14596700.0,474.4,1316,20.1199767996,0.1,2194,
2017-10-20,5269402.39995,1945,566916928.0,4.98,13489300.0,386.8,1113,49.8348188652,0.1,1798,
2017-10-21,3641946.70055,4194,558166336.0,4.9,9333630.0,598.0,1859,12.0949732855,0.1,4040,
2017-10-22,4037956.96786,5031,535472352.0,4.7,7477790.0,842.0,1671,8.790415123,0.1,4770,
2017-10-23,3688766.30273,5131,537739392.0,4.72,7981790.0,733.8,2557,15.2302830336,0.1,4948,
2017-10-24,7818644.15595,2637,534692608.0,4.69,17643400.0,513.1,1491,244.546638288,0.1,2431,
2017-10-25,3841389.31675,2239,635269056.0,5.57,10980300.0,402.3,1250,29.7200344253,0.1,2103,
2017-10-26,3960421.10406,3507,590839232.0,5.18,9611640.0,592.5,2240,11.3383545254,0.1,3305,
2017-10-27,2799122.62018,2083,589905664.0,5.17,7382280.0,480.2,1249,26.1780120976,0.1,1932,
2017-10-28,4295463.30412,4851,567726912.0,4.98,7004750.0,655.0,1781,9.2956119252,0.1,4680,
2017-10-29,2724505.18767,4264,534087968.0,4.68,8168720.0,622.9,1616,8.7708068136,0.1,4099,
2017-10-30,4041644.5923,4325,555173312.0,4.86,8187830.0,861.2,2398,13.6793786256,0.1,4022,
2017-10-31,2295704.36946,2209,561020992.0,4.91,7576110.0,361.3,1159,18.8024040329,0.1,2093,
2017-11-01,6047720.62938,2065,541458624.0,4.74,10934000.0,424.0,1301,106.892605429,0.1,1890,
2017-11-02,6726303.56466,2540,512403296.0,4.48,13966400.0,450.0,1570,111.805301395,0.1,2380,
2017-11-03,2758908.50439,2013,494304256.0,4.32,8505170.0,389.8,1258,28.0460242368,0.1,1888,
2017-11-04,2458885.42112,6084,517446368.0,4.52,8450130.0,823.5,1845,6.8456608196,0.1,5885,
2017-11-05,1846947.82491,4495,524233728.0,4.58,6841900.0,654.5,1692,7.7791056802,0.1,4325,
2017-11-06,2192623.00525,4727,510696096.0,4.46,8039310.0,593.5,2480,12.550200052,0.1,4615,
2017-11-07,4928237.35939,2072,523481824.0,4.57,12194100.0,370.3,1274,37.2455,0.1,1943,
2017-11-08,12929268.0234,4006,589631296.0,5.15,33549400.0,629.5,2250,168.466728595,0.1,3805,
2017-11-09,11556323.479,3518,694710336.0,6.06,23326800.0,561.6,2028,84.0250470186,0.1,3356,
2017-11-10,12765763.6915,2164,737826176.0,6.43,19419400.0,428.6,1250,419.743508262,0.1,1986,
2017-11-11,5866381.54717,4831,642032000.0,5.6,15022000.0,732.7,2007,13.79914508,0.1,4647,
2017-11-12,12363264.2516,6127,663164032.0,5.78,20592700.0,875.8,2244,15.6617923748,0.1,5928,
2017-11-13,13410802.2611,5939,631108416.0,5.5,29720300.0,921.4,3234,25.630230725,0.1,5664,
2017-11-14,11531130.9269,3158,733401024.0,6.39,24092900.0,623.4,1880,67.88736,0.1,2914,
2017-11-15,23494749.9811,6139,818826944.0,7.13,61652800.0,1326.1,3372,230.030646479,0.1,5441,
2017-11-16,46430561.4776,8588,975187968.0,8.49,140758000.0,1855.3,4874,246.237229892,0.1,7703,
2017-11-17,14290290.0398,4127,961893248.0,8.37,47083900.0,1291.9,2402,108.16849809,0.1,3319,
2017-11-18,8158488.17615,7692,959358208.0,8.34,28695700.0,1601.1,2929,14.3421646851,0.1,7021,
2017-11-19,15118860.9909,6885,1063711360.0,9.25,39171200.0,1113.3,3153,30.624574585,0.1,6493,
2017-11-20,15450896.577,5818,1118594304.0,9.72,26170000.0,998.4,3265,45.5745229596,0.1,5444,
2017-11-21,17444089.9385,3848,1121402752.0,9.74,26816700.0,655.3,2342,164.606,0.1,3623,
2017-11-22,61288012.8388,6720,1114590592.0,9.68,106176000.0,1080.1,4145,726.052988078,0.1,6431,
2017-11-23,50047532.3148,6156,997918528.0,8.66,59098700.0,894.3,3675,260.264774103,0.1,5913,
2017-11-24,19756484.1965,3634,852844800.0,7.4,33888100.0,682.8,2507,185.161579,0.1,3408,
2017-11-25,17323543.6383,5254,908560768.0,7.88,28727000.0,880.0,2826,38.612,0.1,5020,
2017-11-26,21480947.0015,9430,925420416.0,8.03,30757600.0,1336.5,3585,18.2652156236,0.1,9135,
2017-11-27,15719320.9641,5202,863396352.0,7.49,29071700.0,917.1,3171,41.1963416088,0.1,4961,
2017-11-28,11371961.166,3611,912325568.0,7.91,26685400.0,713.3,2317,196.959,0.1,3353,
2017-11-29,22307042.4692,3851,903169216.0,7.83,34207700.0,671.3,2417,281.88,0.1,3653,
2017-11-30,10974594.7171,3522,807875712.0,7.0,25251200.0,625.2,2053,69.3,0.1,3312,
2017-12-01,6768099.60888,2324,863264192.0,7.48,24098300.0,418.7,1517,247.079419765,0.1,2157,
2017-12-02,7204242.5441,5054,891574656.0,7.72,18663400.0,727.3,2274,17.6185214294,0.1,4883,
2017-12-03,15726505.6502,5849,891645696.0,7.72,22047600.0,866.9,2471,19.7932850716,0.1,5629,
2017-12-04,10435347.3312,3852,895777280.0,7.75,39137100.0,650.7,2366,166.40556712,0.1,3597,
2017-12-05,24161126.8044,6686,1020938432.0,8.83,69110304.0,1064.2,3902,105.02402,0.1,6402,
2017-12-06,19595156.2507,7524,1135618816.0,9.82,52262500.0,978.0,4701,17.7897058291,0.1,7300,
2017-12-07,19066307.0752,3695,992572800.0,8.58,53831400.0,562.0,2257,342.342,0.1,3530,
2017-12-08,13110505.718,3079,855170496.0,7.39,40878700.0,552.1,1905,231.00211077,0.1,2901,
2017-12-09,8335043.0004,5886,931630336.0,8.05,30708500.0,816.3,2585,18.2131078133,0.1,5713,
2017-12-10,11760840.4518,5573,952954240.0,8.23,28777900.0,857.3,2291,25.8323874533,0.1,5333,
2017-12-11,12858085.974,5791,919206720.0,7.94,28711700.0,884.9,4306,86.546,0.1,5549,
2017-12-12,17739328.8226,4358,950373120.0,8.2,41474000.0,689.7,2556,154.228169019,0.1,4147,
2017-12-13,19285651.7963,4592,1089059968.0,9.4,53217400.0,807.8,2406,467.65,0.1,4378,
2017-12-14,39976029.7455,5110,1105217024.0,9.54,68330600.0,828.6,2814,190.8,0.1,4926,
2017-12-15,37716862.6323,4668,1248438272.0,10.77,60658700.0,728.9,2750,95.3950379523,0.1,4519,
2017-12-16,16063257.1952,5866,1181067520.0,10.18,45189500.0,807.6,2791,39.6126217887,0.1,5696,
2017-12-17,44657780.7254,9292,1219465856.0,10.51,128034000.0,1246.4,3928,72.8624229207,0.1,9064,
2017-12-18,60887549.1455,8927,1566945920.0,13.5,149703008.0,1277.5,4935,120.15,0.1,8655,
2017-12-19,63886640.9275,5514,1974369408.0,17.01,102730000.0,840.2,3260,473.671889955,0.1,5282,
2017-12-20,53345315.6231,5087,1953417216.0,16.82,115660000.0,792.2,2972,470.96,0.1,4852,
2017-12-21,82784867.5648,8385,2278410752.0,19.62,201110000.0,1158.8,5084,247.678769021,0.1,8118,
2017-12-22,57221335.5235,5737,2809608704.0,24.18,177588000.0,798.8,3590,370.437074085,0.1,5558,
2017-12-23,27807704.1009,6985,2278954752.0,19.61,90698800.0,919.6,3443,66.7386037723,0.1,6806,
2017-12-24,70668036.6265,6512,2442468864.0,21.01,65224400.0,830.5,2698,52.4841002532,0.1,6375,
2017-12-25,41111002.4544,5893,2359537152.0,20.29,106194000.0,835.2,3767,119.711,0.1,5722,
2017-12-26,43160893.9026,5157,2778805760.0,23.89,145958000.0,743.5,3370,145.403072552,0.1,4975,
2017-12-27,25994108.7481,3846,2889023488.0,24.83,77179504.0,616.0,2429,248.3,0.1,3660,
2017-12-28,28914470.8386,4350,2786017280.0,23.94,68268896.0,634.0,2425,165.84636479,0.1,4200,
2017-12-29,26838512.7153,3795,2705873664.0,23.24,79199000.0,618.5,2399,341.628,0.1,3605,
2017-12-30,23540442.4937,6879,2628917504.0,22.57,73691696.0,961.2,3361,64.8001110647,0.1,6682,
2017-12-31,17287884.303,5897,2213622528.0,19.0,64758700.0,815.1,2727,64.22,0.1,5731,
2018-01-01,8440943.75892,3960,2409861376.0,20.68,46809500.0,600.8,2734,111.616346191,0.1,3808,
2018-01-02,17864770.1055,6814,2465831680.0,21.16,72049200.0,900.6,4329,103.799891204,0.1,6646,
2018-01-03,21609616.0293,4537,2558307072.0,21.94,79068896.0,728.4,2927,547.503392833,0.1,4334,
2018-01-04,28775773.3745,5924,2466635264.0,21.15,109219000.0,1031.7,3966,209.554180225,0.1,5627,
2018-01-05,70703138.3299,6074,2496764928.0,21.4,187694000.0,886.1,3689,565.388,0.1,5871,
2018-01-06,42271778.8857,7661,2879816704.0,24.68,200650000.0,1205.2,4169,179.782517538,0.1,7342,
2018-01-07,72953340.4942,9413,3633926144.0,31.13,209374000.0,1446.9,4417,127.962549651,0.1,9029,
2018-01-08,61192885.4434,8358,3922182656.0,33.59,142590000.0,1215.8,4917,168.521656957,0.1,8078,
2018-01-09,59001097.0951,5159,3643654656.0,31.2,87492496.0,920.5,2816,411.84,0.1,4905,
2018-01-10,39812047.9314,4849,3500535808.0,29.96,96825200.0,1040.3,2585,404.46,0.1,4463,
2018-01-11,31271248.5572,5181,3370354176.0,28.84,82270304.0,1035.0,2837,241.111201391,0.1,4900,
2018-01-12,24033206.4777,3761,2967743744.0,25.39,94674000.0,574.5,2248,250.296371656,0.1,3585,
2018-01-13,21199753.7367,5694,3435950592.0,29.38,57475700.0,819.0,2644,56.0088789819,0.1,5470,
2018-01-14,25689518.8586,6503,3430884608.0,29.33,51588000.0,1109.2,2838,97.8825772624,0.1,6162,
2018-01-15,26021170.9751,7797,3223531264.0,27.55,87151200.0,1075.7,4397,107.445,0.1,7517,
2018-01-16,63925413.6788,5510,3159258880.0,26.99,123699000.0,837.7,2911,529.51681,0.1,5267,
2018-01-17,36234746.081,5285,2470671872.0,21.1,106703000.0,846.8,2978,280.208,0.1,4998,
2018-01-18,100976626.355,14008,2610961152.0,22.3,68609200.0,1700.6,11924,510.67,0.1,13746,
2018-01-19,19269317.6193,3054,2676904448.0,22.85,59753700.0,597.0,1690,347.4623106,0.1,2810,
2018-01-20,12712352.4048,6359,2726761216.0,23.27,60581300.0,1070.0,2723,41.8431883194,0.1,6050,
2018-01-21,14731254.3739,5474,2980193280.0,25.43,48303200.0,984.2,2367,56.2698635107,0.1,5122,
2018-01-22,21784020.4331,6958,2615438336.0,22.31,46743700.0,1101.6,4049,64.699,0.1,6636,
2018-01-23,12899515.3528,2992,2502092032.0,21.33,68285400.0,541.6,1705,145.284237124,0.1,2776,
2018-01-24,15579240.9097,3089,2566648064.0,21.88,44024700.0,524.3,1875,114.52999946,0.1,2863,
2018-01-25,10930414.7576,2631,2637129728.0,22.47,40204100.0,420.9,1609,133.103360758,0.1,2469,
2018-01-26,353195581.215,4627,2648569088.0,22.56,83297104.0,741.9,2546,86.8755412464,0.1,4459,
2018-01-27,11639848.079,5124,2507907328.0,21.36,55110400.0,874.0,2466,43.0356139716,0.1,4860,
2018-01-28,11526011.2429,5489,2740088576.0,23.33,37791200.0,777.7,2259,43.5643940926,0.1,5297,
2018-01-29,10540201.7828,7309,2734543872.0,23.28,34448300.0,966.3,3565,49.0832286408,0.1,7123,
2018-01-30,18042318.6626,3337,2653913600.0,22.58,50405900.0,564.8,2039,154.737842309,0.1,3138,
2018-01-31,85641756.1873,6933,2556444672.0,21.75,309340000.0,948.5,3400,1089.291765,0.1,6725,
2018-02-01,30385209.8529,5900,3101039104.0,26.37,87605504.0,854.4,3533,511.719280439,0.1,5704,
2018-02-02,29259112.0705,3206,2616559360.0,22.25,75701400.0,442.3,1824,996.96732,0.1,3093,
2018-02-03,10951685.0167,5380,2540935168.0,21.6,48285400.0,731.3,2632,40.933586196,0.1,5223,
2018-02-04,13918316.3536,4845,2724377088.0,23.15,34650700.0,792.1,2030,39.8306262415,0.1,4601,
2018-02-05,24815051.2769,9597,2322127360.0,19.72,45445800.0,1181.5,5626,101.915082464,0.1,9395,
2018-02-06,20564487.4621,5436,1790491776.0,15.2,55712200.0,698.3,2968,302.48,0.1,5313,
2018-02-07,15309809.8701,3596,2126904448.0,18.06,44932000.0,498.4,2037,178.794,0.1,3464,
2018-02-08,15699201.6976,4869,2148843776.0,18.24,83927600.0,586.3,3633,8.6796229248,0.1,4763,
2018-02-09,25715902.4806,4108,2720309248.0,23.08,84338000.0,597.2,2244,580.888347262,0.1,3972,
2018-02-10,28596173.0364,7808,3225955072.0,27.36,105683000.0,974.5,3553,96.5400403032,0.1,7615,
2018-02-11,18745875.3134,6130,3225834496.0,27.35,58193200.0,757.4,2710,45.4535982893,0.1,6004,
2018-02-12,11019634.1228,8044,3010810368.0,25.52,58563000.0,1042.5,4768,55.3824680156,0.1,7855,
2018-02-13,36955085.2486,4118,3313852672.0,28.08,70524496.0,588.5,2328,150.333730186,0.1,3975,
2018-02-14,24057239.6705,3004,3064763904.0,25.96,68051000.0,454.8,1640,758.571707751,0.1,2868,
2018-02-15,431432049.603,3860,3340918272.0,28.3,95799000.0,630.7,2197,446.271798733,0.1,3677,
2018-02-16,20504521.1304,3719,3779451648.0,32.0,72607000.0,508.3,2197,357.76,0.1,3603,
2018-02-17,66292790.3987,8242,3786519552.0,32.05,160432000.0,1036.2,4228,159.740164785,0.1,8082,
2018-02-18,47892250.0566,7050,3925294336.0,33.22,120072000.0,835.3,3048,119.57948669,0.1,6923,
2018-02-19,42604023.916,8894,3510242560.0,29.69,118805000.0,987.4,5350,115.791,0.1,8794,
2018-02-20,86916970.7501,6767,3068375808.0,30.08,246763008.0,869.7,3689,1804.8,0.1,6637,
2018-02-21,53821892.6683,4829,2658779392.0,26.06,115332000.0,752.3,2404,1170.094,0.1,4623,
2018-02-22,252446847.173,3434,2283080704.0,22.36,85276200.0,530.8,1847,555.138428,0.1,3248,
2018-02-23,12781382.5856,2680,2184644864.0,21.39,67264304.0,399.5,1551,254.402388522,0.1,2565,
2018-02-24,18313889.3459,6506,2297060864.0,22.48,49191700.0,736.5,2686,38.0594305092,0.1,6415,
2018-02-25,14201001.5987,7017,2127042048.0,20.81,38564100.0,790.0,3126,23.8177783444,0.1,6950,
2018-02-26,13245996.6285,8565,2039329664.0,19.95,43196600.0,929.8,4520,37.905,0.1,8488,
2018-02-27,43698511.4483,3188,2115904128.0,20.69,40475100.0,387.6,1895,189.55951041,0.1,3116,
2018-02-28,13753303.9767,2566,2055329152.0,20.09,38836200.0,352.9,1495,161.7245,0.1,2459,
2018-03-01,9739464.97535,2227,1877401216.0,18.34,68475904.0,284.8,1295,456.666,0.1,2158,
2018-03-02,11405390.5088,2296,2056144384.0,20.08,34726800.0,279.1,1388,115.373935212,0.1,2241,
2018-03-03,8360786.35696,5458,1977910272.0,19.31,28552100.0,621.4,2432,31.167339389,0.1,5374,
2018-03-04,6903744.52415,5766,1936633600.0,18.9,23813000.0,778.3,2597,54.81,0.1,5613,
2018-03-05,11682140.7797,5898,1946667136.0,19.0,29052100.0,669.0,3899,29.43589725,0.1,5810,
2018-03-06,11107570.771,2467,1888334720.0,18.42,27948900.0,353.0,1477,219.7506,0.1,2380,
2018-03-07,9731068.1889,2566,1725676416.0,16.83,34286700.0,366.9,1379,218.677979352,0.1,2479,
2018-03-08,14079691.3513,5852,1599528960.0,15.59,36030300.0,729.4,3934,22.2225542555,0.1,5754,
2018-03-09,10873851.2491,2602,1532041984.0,14.93,30244000.0,341.6,1351,285.920753562,0.1,2516,
2018-03-10,4941638.42495,4650,1584868224.0,15.44,17287800.0,550.4,2330,25.457021924,0.1,4564,
2018-03-11,8820831.53339,5762,1453746816.0,14.16,20241700.0,664.8,2129,21.0968971284,0.1,5668,
2018-03-12,4952905.22667,7054,1524491648.0,14.84,21335400.0,749.5,4152,26.9964330118,0.1,7005,
2018-03-13,4983605.08182,1645,1449248128.0,14.1,16983600.0,252.7,971,280.308,0.1,1587,
2018-03-14,7642123.91274,2735,1440371456.0,14.01,22923900.0,353.0,1547,70.05,0.1,2660,
2018-03-15,12044377.7336,2842,1205891712.0,11.73,35374200.0,341.8,1528,232.54725,0.1,2778,
2018-03-16,7400059.49755,2077,1360297472.0,13.23,30103400.0,260.3,1239,129.654,0.1,2023,
2018-03-17,6764817.31245,6876,1349572992.0,13.12,20557200.0,785.2,3289,14.7125570304,0.1,6812,
2018-03-18,14153845.6535,3820,1260673792.0,12.25,26947100.0,460.0,1962,36.5859167625,0.1,3760,
2018-03-19,6258910.30184,7145,1261829248.0,12.26,25454300.0,786.0,4638,23.294,0.1,7070,
2018-03-20,204108076.017,1563,1328052352.0,12.89,26259400.0,239.3,950,92.808,0.1,1493,
2018-03-21,6822021.02002,2324,1401969664.0,13.61,23682800.0,289.5,1320,39.4736746267,0.1,2265,
2018-03-22,18007847.0265,2461,1385642880.0,13.44,24653700.0,404.9,1369,241.01585088,0.1,2329,
2018-03-23,68175385.1063,9175,1288723072.0,12.5,23560700.0,1362.7,4528,383.5,0.1,8707,
2018-03-24,6592551.43243,5417,1244373120.0,12.07,21880400.0,690.4,2434,17.8404882433,0.1,5274,
2018-03-25,7868023.82081,4259,1216508544.0,11.79,17661400.0,642.6,2284,43.9795055484,0.1,4036,
2018-03-26,35386449.1265,10014,1201099648.0,11.64,20994100.0,1444.8,5524,33.756,0.1,9628,
2018-03-27,14256459.3469,2278,1129226240.0,10.94,20375100.0,431.9,1192,403.136858604,0.1,2069,
2018-03-28,18560994.446,2313,1013357824.0,9.82,17676300.0,394.9,1464,105.074,0.1,2149,
2018-03-29,27281829.1335,3602,996561408.0,9.65,30227100.0,498.3,2047,96.5,0.1,3453,
2018-03-30,11654492.0977,2983,815689152.0,7.9,23652300.0,440.2,1713,192.10825,0.1,2872,
2018-03-31,4161612.36646,6573,770175744.0,7.45,13183400.0,745.2,2790,10.3300778435,0.1,6502,
2018-04-01,6837965.39568,6344,779836352.0,7.54,12966000.0,729.3,4306,14.326,0.1,6243,
2018-04-02,11441269.1254,3489,735880832.0,7.12,18870600.0,470.6,2267,18.739970296,0.1,3376,
2018-04-03,11453848.8374,2292,812110976.0,7.85,60680700.0,307.0,1248,691.75656175,0.1,2210,
2018-04-04,11272516.1833,3191,1024121600.0,9.9,45243300.0,387.4,1638,34.410988755,0.1,3124,
2018-04-05,7877556.25777,1593,866124800.0,8.37,30392700.0,232.6,904,548.6193504,0.1,1516,
2018-04-06,8342704.94228,1594,885474752.0,8.55,17839400.0,231.7,1014,84.2967340042,0.1,1527,
2018-04-07,2845526.53287,4919,855521088.0,8.26,17467600.0,534.2,2480,12.9998458772,0.1,4872,
2018-04-08,5438357.27037,6633,890997248.0,8.6,16607000.0,772.5,4411,16.34,0.1,6525,
2018-04-09,4689470.31658,3782,948271296.0,9.15,21092600.0,499.0,2454,16.0379237783,0.1,3710,
2018-04-10,2516239.48392,1501,896151424.0,8.64,14258800.0,278.4,1041,42.5481801696,0.1,1394,
2018-04-11,3735288.32989,1608,887062784.0,8.55,15079400.0,240.3,1095,35.1452835967,0.1,1533,
2018-04-12,31860245.3656,1882,906544192.0,8.74,38829900.0,265.9,1248,87.4,0.1,1809,
2018-04-13,8802124.29992,1940,1012857280.0,9.76,39713300.0,259.1,1264,134.610868574,0.1,1881,
2018-04-14,2278114.54022,3390,1009799040.0,9.73,15811800.0,434.7,2129,15.5153213422,0.1,3337,
2018-04-15,2705767.91132,3709,1036697920.0,9.98,16400400.0,456.7,1962,15.8872492252,0.1,3627,
2018-04-16,7071584.64468,9507,1089433472.0,10.49,33273200.0,1043.2,4973,18.723531766,0.1,9422,
2018-04-17,4526247.2864,1659,1112788736.0,10.71,23140500.0,254.4,1151,68.485095,0.1,1574,
2018-04-18,5551578.94732,2460,1089949568.0,10.48,28211800.0,352.5,1434,19.0497051284,0.1,2395,
2018-04-19,15417635.3322,1732,1178627072.0,11.33,26142700.0,256.5,1180,48.5746781767,0.1,1675,
2018-04-20,9605839.72811,1275,1236709248.0,11.77,33926500.0,181.4,852,504.933,0.1,1224,
2018-04-21,11232188.0733,4437,1295194752.0,12.33,23150600.0,503.4,2348,19.9073833749,0.1,4384,
2018-04-22,2654952.66441,2673,1223440256.0,11.64,19171200.0,362.8,1656,20.8876778256,0.1,2598,
2018-04-23,42530760.2703,12178,1211056768.0,11.52,27078800.0,1272.2,8098,56.448,0.1,12122,
2018-04-24,8701735.37938,2215,1294886272.0,12.31,36488500.0,278.1,1392,145.258,0.1,2161,
2018-04-25,7178473.11344,1906,1367422464.0,13.0,32306400.0,260.5,1152,221.65,0.1,1855,
2018-04-26,4041020.30041,2488,1167349760.0,11.09,22034700.0,302.7,1402,32.1920521109,0.1,2437,
2018-04-27,4801393.78793,1750,1240001664.0,11.78,21976600.0,233.2,1098,57.7565998037,0.1,1712,
2018-04-28,4187764.43417,5549,1173854720.0,11.15,15294900.0,621.0,2506,17.3880752245,0.1,5480,
2018-04-29,9991217.86477,3378,1247642624.0,11.84,44480900.0,403.0,1839,48.0373491728,0.1,3310,
2018-04-30,12852864.1074,5643,1365919616.0,12.96,50914500.0,638.4,3018,53.1239586048,0.1,5574,
2018-05-01,8994103.47581,5292,1403921920.0,13.32,46010700.0,646.6,4038,11.988,0.1,5166,
2018-05-02,20216054.3527,2154,1395497088.0,13.23,51579400.0,344.5,1215,228.986619104,0.1,2055,
2018-05-03,8719602.96909,3261,1501219584.0,14.23,49489900.0,498.0,1726,44.3676212321,0.1,3110,
2018-05-04,5424495.37291,1813,1519528192.0,14.4,31892300.0,272.2,1111,113.76,0.1,1712,
2018-05-05,4502146.14133,4713,1456036736.0,13.79,24542300.0,543.3,2436,22.082935049,0.1,4633,
2018-05-06,7164019.04463,3155,1432937856.0,13.57,22045200.0,437.5,1622,41.6611115296,0.1,3055,
2018-05-07,3495715.58789,6625,1405865216.0,13.31,19255800.0,771.9,4472,25.289,0.1,6539,
2018-05-08,4596254.6183,1666,1339954176.0,12.68,18812100.0,262.5,1098,75.1802104624,0.1,1595,
2018-05-09,6523126.27489,1415,1285984384.0,12.17,20113300.0,208.5,803,367.619428775,0.1,1345,
2018-05-10,11220111.0887,3058,1251863680.0,11.84,24724400.0,382.6,1602,26.2015078496,0.1,2986,
2018-05-11,9060932.09512,2408,1176724736.0,11.13,24610200.0,320.7,1317,226.4955,0.1,2337,
2018-05-12,5959820.13802,4281,1060154112.0,10.02,16913900.0,523.4,2322,18.9025940286,0.1,4184,
2018-05-13,4764696.17745,7027,1074863104.0,10.16,19204400.0,780.0,4489,19.304,0.1,6950,
2018-05-14,4653953.92253,5345,1158651520.0,10.95,24221400.0,625.7,3195,20.5806720585,0.1,5257,
2018-05-15,3328983.77256,1318,1170894848.0,11.06,15930200.0,200.0,845,166.092167555,0.1,1260,
2018-05-16,4275053.30318,1606,1110616064.0,10.48,15100900.0,273.2,1022,51.710841488,0.1,1512,
2018-05-17,12747126.9656,2326,1087482880.0,10.26,26077300.0,288.7,1301,26.6971670982,0.1,2277,
2018-05-18,2926771.54566,1112,1087069056.0,10.26,17027300.0,212.9,681,112.826265325,0.1,1039,
2018-05-19,4470484.09217,4465,1117587072.0,10.54,13853500.0,519.4,2251,15.687518349,0.1,4384,
2018-05-20,6104875.66593,7270,1122296832.0,10.58,15834700.0,843.1,4558,20.102,0.1,7181,
2018-05-21,5692593.35457,3164,1199670656.0,11.31,16534900.0,373.4,2154,25.2128172173,0.1,3114,
2018-05-22,6675754.35467,1547,1164862080.0,10.98,14666800.0,218.5,950,66.8374194366,0.1,1485,
2018-05-23,5757858.06965,1655,1047731648.0,9.87,17130400.0,214.9,953,195.508072406,0.1,1609,
2018-05-24,4569805.1226,2159,972780032.0,9.16,14486800.0,281.5,1198,38.3085372352,0.1,2095,
2018-05-25,3748457.23642,1891,995173824.0,9.37,12017200.0,318.0,1184,25.2748772161,0.1,1810,
2018-05-26,2242713.51404,4543,954498752.0,8.98,10313000.0,507.8,2198,13.3768376186,0.1,4488,
2018-05-27,2693770.74005,2268,934365440.0,8.79,10511600.0,278.9,1431,26.9868982417,0.1,2219,
2018-05-28,3751809.59291,8397,935689856.0,8.8,12253000.0,945.0,4638,15.10733048,0.1,8320,
2018-05-29,4123752.53813,1791,849084864.0,7.98,13833600.0,247.5,1049,36.3189209754,0.1,1715,
2018-05-30,4127384.01288,1126,938859584.0,8.82,11308400.0,178.7,672,160.083,0.1,1057,
2018-05-31,5861008.03332,2301,898715840.0,8.44,13467900.0,302.2,1320,31.0861498484,0.1,2252,
2018-06-01,3909532.65609,2633,910683904.0,8.55,12625300.0,311.8,1378,18.107380323,0.1,2588,
2018-06-02,1660548.17405,1305,917819904.0,8.62,20983000.0,148.0,816,11.3316301212,0.1,1290,
2018-06-03,5507452.15748,3691,997354240.0,9.36,22641100.0,457.1,2119,20.7545367744,0.1,3611,
2018-06-04,14375978.7906,8439,1062583488.0,9.97,22264100.0,930.6,4746,17.2425291628,0.1,8356,
2018-06-05,5491825.04734,832,968527872.0,9.09,12839900.0,134.0,534,195.04017076,0.1,780,
2018-06-06,2589354.26643,2596,974339072.0,9.14,12988300.0,301.4,1718,10.9811412635,0.1,2554,
2018-06-07,1777924.62143,1713,944931584.0,8.86,10212200.0,234.7,1030,18.3962076926,0.1,1647,
2018-06-08,5869420.75787,1574,934785728.0,8.76,12189500.0,204.5,992,43.7840987166,0.1,1535,
2018-06-09,2961378.97962,13498,914497344.0,8.57,11530600.0,1386.2,6854,4.4509113435,0.1,13462,
2018-06-10,6902167.32935,2732,887054464.0,8.31,17518000.0,333.9,1462,33.4594736234,0.1,2669,
2018-06-11,4044320.86186,7452,759867904.0,7.11,11379400.0,787.2,4576,13.509,0.1,7432,
2018-06-12,6220385.16036,2731,774935104.0,7.25,13486100.0,349.4,1574,15.6268340775,0.1,2664,
2018-06-13,7571248.35265,1460,722403648.0,6.76,13095700.0,204.0,884,260.556903188,0.1,1400,
2018-06-14,3015399.39596,1083,679337088.0,6.35,11741800.0,165.3,684,72.79005,0.1,1033,
2018-06-15,1605871.43251,1955,743226816.0,6.95,9167900.0,240.8,1099,11.701655925,0.1,1918,
2018-06-16,1448156.35027,3911,696476928.0,6.51,8184370.0,460.2,1922,10.0796726331,0.1,3852,
2018-06-17,1329704.77421,1707,705379712.0,6.59,8341200.0,239.4,1063,20.4904845682,0.1,1644,
2018-06-18,3964110.46931,4121,671371840.0,6.27,10209800.0,457.0,2186,9.554304375,0.1,4080,
2018-06-19,3529026.54713,6527,689884352.0,6.44,8982000.0,734.7,4879,5.796,0.1,6467,
2018-06-20,2893563.62799,1196,696289408.0,6.5,8584190.0,156.9,848,26.1022967725,0.1,1159,
2018-06-21,1919575.05875,1561,680998848.0,6.36,7975460.0,232.1,1021,10.4136850932,0.1,1521,
2018-06-22,1596643.89619,1291,664076352.0,6.2,8159990.0,167.3,980,30.38,0.1,1253,
2018-06-23,1254751.63885,4129,573532352.0,5.35,7248650.0,453.8,1994,8.205075757,0.1,4088,
2018-06-24,3086821.56198,6493,605663616.0,5.65,7790030.0,698.2,4353,10.735,0.1,6452,
2018-06-25,4975896.24067,3831,585412416.0,5.46,7010470.0,415.9,2351,8.1723959772,0.1,3799,
2018-06-26,733423.257688,696,597452160.0,5.57,6490590.0,81.3,486,27.3315289432,0.1,683,
2018-06-27,1725452.6505,1550,566250304.0,5.27,7105660.0,212.8,1081,10.0859838875,0.1,1508,
2018-06-28,818631.294328,785,567847936.0,5.29,6763450.0,110.8,578,27.4217146513,0.1,758,
2018-06-29,2864775.31159,1276,527311328.0,4.91,7560270.0,200.5,878,22.241221494,0.1,1235,
2018-06-30,800677.987243,4454,541073152.0,5.03,5954970.0,482.3,2072,6.8123632471,0.1,4413,
2018-07-01,803981.173889,1591,572579840.0,5.33,6178680.0,200.4,1049,16.305629275,0.1,1554,
2018-07-02,1562024.97372,10203,581679488.0,5.41,9046320.0,1062.1,4639,5.4279250071,0.1,10161,
2018-07-03,2343476.28678,1509,630915904.0,5.87,10262100.0,184.6,896,13.3989970687,0.1,1476,
2018-07-04,1438433.8977,590,604806720.0,5.62,8808450.0,107.5,483,28.6878765313,0.1,545,
2018-07-05,996362.019322,692,626519296.0,5.82,7623050.0,106.9,550,24.9101745504,0.1,659,
2018-07-06,1307604.30392,1282,603108352.0,5.6,7307250.0,182.3,898,9.439643612,0.1,1253,
2018-07-07,752243.337529,4123,611053824.0,5.67,6410900.0,435.7,1968,9.1874466432,0.1,4097,
2018-07-08,793071.079116,2133,603620416.0,5.6,7186910.0,258.0,1193,7.56254408,0.1,2110,
2018-07-09,10191589.066,7157,598019264.0,5.55,8081440.0,736.4,4351,7.739017236,0.1,7134,
2018-07-10,1820272.13797,611,584018432.0,5.42,7388680.0,82.6,485,108.066448701,0.1,596,
2018-07-11,899863.642888,1738,544841024.0,5.05,6550110.0,233.3,1080,8.7359230375,0.1,1703,
2018-07-12,1914502.50089,1054,555507392.0,5.15,7093940.0,131.0,769,16.1572913437,0.1,1030,
2018-07-13,1238030.91621,1154,524523360.0,4.86,6178010.0,183.4,791,14.0956867116,0.1,1114,
2018-07-14,1088939.1037,3983,529915136.0,4.91,5729370.0,414.5,1929,6.6694327551,0.1,3965,
2018-07-15,1331412.06274,2065,530825440.0,4.92,5564670.0,245.5,1177,8.1239231388,0.1,2035,
2018-07-16,1447344.0711,4536,542558912.0,5.02,8058290.0,488.6,2603,14.558,0.1,4506,
2018-07-17,1338815.49747,2895,585826880.0,5.42,7852900.0,358.5,2631,4.878,0.1,2845,
2018-07-18,1119286.20702,1659,615764736.0,5.7,8599150.0,184.8,1016,9.751889802,0.1,1638,
2018-07-19,1929669.97293,993,615446976.0,5.69,7492840.0,128.1,690,18.9631315645,0.1,961,
2018-07-20,1776928.2105,1134,581095680.0,5.37,7833360.0,175.1,812,21.6378877197,0.1,1101,
2018-07-21,1149448.23111,3804,534513760.0,4.94,5948500.0,390.7,1984,6.7950141883,0.1,3797,
2018-07-22,1045783.6112,2102,541871808.0,5.01,6516690.0,249.3,1197,12.6813591692,0.1,2063,
2018-07-23,1746132.56351,5749,538500352.0,4.97,9632390.0,600.5,2908,9.443,0.1,5725,
2018-07-24,2963783.85557,2873,521533312.0,4.82,8695030.0,316.1,2575,4.338,0.1,2841,
2018-07-25,1159332.20851,1741,534109728.0,4.93,8064090.0,200.6,1118,8.9709253776,0.1,1716,
2018-07-26,1872167.53573,551,546094080.0,5.04,7253780.0,110.5,456,73.7352,0.1,525,
2018-07-27,1642325.84454,963,524865600.0,4.84,8075500.0,111.6,697,15.546390486,0.1,946,
2018-07-28,1713303.33369,3721,528018080.0,4.87,7299520.0,439.6,1961,7.2049138054,0.1,3676,
2018-07-29,1358281.2733,2023,543421952.0,5.01,7426930.0,242.7,1115,9.4293777132,0.1,1987,
2018-07-30,1662371.08824,7490,554718930.0,5.11,7360580.0,784.1,4406,7.6074236882,0.1,7451,
2018-07-31,1421620.3025,571,535507040.0,4.93,6840930.0,86.3,425,54.23,0.1,543,
2018-08-01,1202968.3175,4676,499627048.0,4.6,6193870.0,580.4,3055,4.15498956,0.1,4564,
2018-08-02,1900202.45186,1077,489565973.0,4.51,6739330.0,218.2,832,12.162459309,0.1,972,
2018-08-03,2442489.5178,776,474159330.0,4.36,6519360.0,125.2,559,291.466,0.1,732,
2018-08-04,1897180.77659,3932,455916987.0,4.2,6094920.0,451.0,2043,6.325385346,0.1,3890,
2018-08-05,939552.985398,1933,425902822.0,3.92,5568980.0,235.0,1149,11.5221433768,0.1,1900,
2018-08-06,1061486.4434,4447,429521867.0,3.95,4403250.0,517.6,2598,7.552824625,0.1,4406,
2018-08-07,679590.897047,856,420463865.0,3.87,5612320.0,107.2,711,7.353,0.1,832,
2018-08-08,1794735.75575,1618,407390796.0,3.74,6066450.0,193.7,1019,7.6804827187,0.1,1587,
2018-08-09,3232561.60981,710,367955697.0,3.38,4976520.0,112.3,522,13.8442362513,0.1,673,
2018-08-10,381102.013136,2611,384923156.0,3.54,5678080.0,284.5,2508,3.186,0.1,2585,
