date,txVolume(USD),txCount,marketcap(USD),price(USD),exchangeVolume(USD),generatedCoins,activeAddresses,medianTxValue(USD)
2014-10-06,,5,,,,100.0,6,,
2014-10-07,,2,,,,0.0,4,,
2014-10-08,,1,,,,0.0,2,,
2014-10-09,,2,,,,0.0,4,,
2014-10-10,,3,,,,0.0,4,,
2014-10-11,,1,,,,0.0,2,,
2014-10-12,,1,,,,0.0,2,,
2014-10-13,,2,,,,0.0,4,,
2014-10-14,,0,,,,0.0,0,,
2014-10-15,,0,,,,0.0,0,,
2014-10-16,,0,,,,0.0,0,,
2014-10-17,,0,,,,0.0,0,,
2014-10-18,,0,,,,0.0,0,,
2014-10-19,,0,,,,0.0,0,,
2014-10-20,,0,,,,0.0,0,,
2014-10-21,,10,,,,0.0,6,,
2014-10-22,,1,,,,0.0,2,,
2014-10-23,,0,,,,0.0,0,,
2014-10-24,,0,,,,0.0,0,,
2014-10-25,,0,,,,0.0,0,,
2014-10-26,,0,,,,0.0,0,,
2014-10-27,,0,,,,0.0,0,,
2014-10-28,,2,,,,0.0,3,,
2014-10-29,,0,,,,0.0,0,,
2014-10-30,,0,,,,0.0,0,,
2014-10-31,,1,,,,0.0,2,,
2014-11-01,,0,,,,0.0,0,,
2014-11-02,,0,,,,0.0,0,,
2014-11-03,,0,,,,0.0,0,,
2014-11-04,,1,,,,0.0,2,,
2014-11-05,,0,,,,0.0,0,,
2014-11-06,,0,,,,0.0,0,,
2014-11-07,,0,,,,0.0,0,,
2014-11-08,,0,,,,0.0,0,,
2014-11-09,,0,,,,0.0,0,,
2014-11-10,,0,,,,0.0,0,,
2014-11-11,,0,,,,0.0,0,,
2014-11-12,,0,,,,0.0,0,,
2014-11-13,,1,,,,0.0,2,,
2014-11-14,,16,,,,0.0,8,,
2014-11-15,,2,,,,0.0,3,,
2014-11-16,,2,,,,0.0,3,,
2014-11-17,,0,,,,0.0,0,,
2014-11-18,,2,,,,0.0,3,,
2014-11-19,,0,,,,0.0,0,,
2014-11-20,,1,,,,0.0,2,,
2014-11-21,,4,,,,0.0,5,,
2014-11-22,,1,,,,0.0,2,,
2014-11-23,,0,,,,0.0,0,,
2014-11-24,,1,,,,0.0,2,,
2014-11-25,,2,,,,0.0,3,,
2014-11-26,,4,,,,0.0,4,,
2014-11-27,,1,,,,0.0,2,,
2014-11-28,,0,,,,0.0,0,,
2014-11-29,,0,,,,0.0,0,,
2014-11-30,,0,,,,0.0,0,,
2014-12-01,,0,,,,0.0,0,,
2014-12-02,,0,,,,0.0,0,,
2014-12-03,,0,,,,0.0,0,,
2014-12-04,,7,,,,0.0,3,,
2014-12-05,,7,,,,0.0,3,,
2014-12-06,,6,,,,0.0,4,,
2014-12-07,,2,,,,0.0,2,,
2014-12-08,,6,,,,0.0,4,,
2014-12-09,,5,,,,0.0,4,,
2014-12-10,,1,,,,0.0,2,,
2014-12-11,,0,,,,0.0,0,,
2014-12-12,,1,,,,0.0,2,,
2014-12-13,,0,,,,0.0,0,,
2014-12-14,,0,,,,0.0,0,,
2014-12-15,,1,,,,0.0,2,,
2014-12-16,,8,,,,0.0,6,,
2014-12-17,,26,,,,0.0,18,,
2014-12-18,,1,,,,0.0,2,,
2014-12-19,,10,,,,0.0,11,,
2014-12-20,,5,,,,0.0,6,,
2014-12-21,,12,,,,0.0,7,,
2014-12-22,,7,,,,0.0,6,,
2014-12-23,,0,,,,0.0,0,,
2014-12-24,,1,,,,0.0,2,,
2014-12-25,,0,,,,0.0,0,,
2014-12-26,,0,,,,0.0,0,,
2014-12-27,,0,,,,0.0,0,,
2014-12-28,,0,,,,0.0,0,,
2014-12-29,,0,,,,0.0,0,,
2014-12-30,,0,,,,0.0,0,,
2014-12-31,,0,,,,0.0,0,,
2015-01-01,,0,,,,0.0,0,,
2015-01-02,,0,,,,0.0,0,,
2015-01-03,,0,,,,0.0,0,,
2015-01-04,,0,,,,0.0,0,,
2015-01-05,,2,,,,0.0,3,,
2015-01-06,,7,,,,0.0,4,,
2015-01-07,,5,,,,1500.0,3,,
2015-01-08,,6,,,,0.0,5,,
2015-01-09,,3,,,,250000.0,3,,
2015-01-10,,0,,,,0.0,0,,
2015-01-11,,0,,,,0.0,0,,
2015-01-12,,2,,,,0.0,3,,
2015-01-13,,0,,,,0.0,0,,
2015-01-14,,0,,,,0.0,0,,
2015-01-15,,0,,,,0.0,0,,
2015-01-16,,3,,,,0.0,5,,
2015-01-17,,5,,,,0.0,4,,
2015-01-18,,0,,,,0.0,0,,
2015-01-19,,4,,,,0.0,2,,
2015-01-20,,13,,,,0.0,5,,
2015-01-21,,6,,,,0.0,7,,
2015-01-22,,16,,,,0.0,17,,
2015-01-23,,30,,,,0.0,19,,
2015-01-24,,1,,,,0.0,2,,
2015-01-25,,1,,,,0.0,2,,
2015-01-26,,3,,,,0.0,5,,
2015-01-27,,8,,,,0.0,8,,
2015-01-28,,7,,,,0.0,5,,
2015-01-29,,9,,,,0.0,7,,
2015-01-30,,3,,,,0.0,6,,
2015-01-31,,2,,,,0.0,3,,
2015-02-01,,0,,,,0.0,0,,
2015-02-02,,1,,,,0.0,2,,
2015-02-03,,4,,,,0.0,4,,
2015-02-04,,6,,,,0.0,6,,
2015-02-05,,12,,,,0.0,13,,
2015-02-06,,20,,,,0.0,15,,
2015-02-07,,0,,,,0.0,0,,
2015-02-08,,1,,,,0.0,2,,
2015-02-09,,3,,,,0.0,4,,
2015-02-10,,3,,,,0.0,5,,
2015-02-11,,2,,,,0.0,3,,
2015-02-12,,4,,,,0.0,5,,
2015-02-13,,0,,,,0.0,0,,
2015-02-14,,2,,,,0.0,2,,
2015-02-15,,0,,,,0.0,0,,
2015-02-16,,0,,,,0.0,0,,
2015-02-17,,2,,,,0.0,4,,
2015-02-18,,28,,,,0.0,17,,
2015-02-19,,6,,,,0.0,6,,
2015-02-20,,3,,,,0.0,5,,
2015-02-21,,6,,,,0.0,4,,
2015-02-22,,3,,,,0.0,3,,
2015-02-23,,3,,,,0.0,4,,
2015-02-24,,10,,,,0.0,10,,
2015-02-25,273.3269,3,304476.0,1.21,6.0,0.0,5,0.121,
2015-02-26,0.0,0,304542.0,1.21,6.0,0.0,0,,
2015-02-27,30.7351418083,11,274083.6,1.0890258,5.4,0.0,7,4.16510488924,
2015-02-28,1972.48644233,10,243625.2,0.9680516,4.8,0.0,10,4.66102127143,
2015-03-01,0.0,0,213166.8,0.8470774,4.2,0.0,0,,
2015-03-02,9416.68951367,6,182708.4,0.7261032,3.6,0.0,7,116.993165265,
2015-03-03,14987.666238,28,152250.0,0.605129,3.0,0.0,14,134.319133476,
2015-03-04,8463.45451465,12,177087.5,0.70384675,14551.5,0.0,11,3.5262722175,
2015-03-05,53.0612176494,9,201925.0,0.8025645,29100.0,0.0,10,3.27011606939,
2015-03-06,40.8226222348,7,226762.5,0.90128225,43648.5,0.0,7,3.71979374199,
2015-03-07,58153.9622412,8,251600.0,1.0,58197.0,0.0,7,5493.87478854,
2015-03-08,17.33126796,2,251600.0,1.0,31.0,0.0,2,8.66563398,
2015-03-09,15.42279432,5,251600.0,1.0,143.0,0.0,7,4.9,
2015-03-10,49939.9369121,23,251600.0,1.0,49997.0,0.0,13,0.01,
2015-03-11,4.04,5,251600.0,1.0,49.0,0.0,7,1.0,
2015-03-12,80423.8628428,14,251600.0,1.0,80418.0,0.0,12,5.0,
2015-03-13,550.98353905,8,251600.0,1.0,75.0,0.0,11,2.69008306,
2015-03-14,34209.7690479,16,251600.0,1.0,17705.0,0.0,14,979.62668647,
2015-03-15,15410.04,11,251600.0,1.0,15125.0,0.0,13,300.0,
2015-03-16,136.9193664,4,251600.0,1.0,49632.0,0.0,6,27.4596832,
2015-03-17,48.94365316,5,251600.0,1.0,4284.0,0.0,8,5.0,
2015-03-18,40.39855394,7,251600.0,1.0,202.0,0.0,6,4.22625954,
2015-03-19,5.40496237,4,251600.0,1.0,714.0,0.0,4,0.7,
2015-03-20,0.0,0,251600.0,1.0,133.0,0.0,0,,
2015-03-21,0.0,0,251600.0,1.0,206.0,0.0,0,,
2015-03-22,0.0,0,251600.0,1.0,67.0,0.0,0,,
2015-03-23,15.3562564,5,251600.0,1.0,66.0,0.0,8,2.0,
2015-03-24,1037.73851748,28,251600.0,1.0,1179.0,0.0,23,0.02,
2015-03-25,42.911,2,251600.0,1.0,92.0,0.0,4,21.4555,
2015-03-26,11.09767372,4,251600.0,1.0,2.0,0.0,5,2.0,
2015-03-27,6.11,2,251600.0,1.0,5.0,0.0,4,3.055,
2015-03-28,38.08825639,10,251600.0,1.0,17.0,0.0,11,4.9870437,
2015-03-29,22.11131667,8,251600.0,1.0,21.0,0.0,7,4.01915834,
2015-03-30,471.98104941,5,251600.0,1.0,495.0,0.0,6,10.0,
2015-03-31,2.14,5,251600.0,1.0,37.0,0.0,7,0.1,
2015-04-01,12850.0,2,251600.0,1.0,14.0,0.0,3,6425.0,
2015-04-02,7.78617304,9,251600.0,1.0,79970.0,0.0,7,0.01,
2015-04-03,20484.8023101,16,251600.0,1.0,8887.0,0.0,12,1414.25,
2015-04-04,194.1,3,251600.0,1.0,2018.0,0.0,6,50.1,
2015-04-05,750.0,1,251600.0,1.0,2887.0,0.0,2,750.0,
2015-04-06,504.33,7,251600.0,1.0,254.0,0.0,8,4.3,
2015-04-07,0.00201,3,251600.0,1.0,19179.0,0.0,4,0.001,
2015-04-08,922.67096536,8,251600.0,1.0,1024.0,0.0,9,3.98498268,
2015-04-09,80.03807513,14,251600.0,1.0,100949.0,0.0,10,3.8883706,
2015-04-10,4.311,6,251600.0,1.0,470.0,0.0,7,0.095,
2015-04-11,2.62349022,3,251600.0,1.0,2869.0,0.0,4,1.0,
2015-04-12,1.01,1,251600.0,1.0,1971.0,0.0,2,1.01,
2015-04-13,13.77549731,11,251600.0,1.0,46026.0,0.0,9,0.66673171,
2015-04-14,48.36146355,19,251600.0,1.0,50324.0,0.0,6,0.10878832,
2015-04-15,1313.14688638,15,251600.0,1.0,40700.0,0.0,15,2.0,
2015-04-16,1357.16429818,41,251600.0,1.0,46909.0,0.0,24,1.0,
2015-04-17,87.11450781,24,251600.0,1.0,50.0,0.0,16,2.52630581,
2015-04-18,6.3,10,251600.0,1.0,49.0,0.0,13,0.45,
2015-04-19,18.2236608,82,251600.0,1.0,22.0,0.0,15,0.1,
2015-04-20,73.05369017,16,251600.0,1.0,38.0,0.0,16,1.0,
2015-04-21,21.66978593,7,251600.0,1.0,85933.0,0.0,9,3.34271317,
2015-04-22,12189.2020196,11,251600.0,1.0,40306.0,0.0,11,5.0,
2015-04-23,1563.47209562,8,251600.0,1.0,21632.0,0.0,7,200.0,
2015-04-24,12185.077878,16,251600.0,1.0,20262.0,0.0,16,111.36446951,
2015-04-25,256.01,7,251600.0,1.0,26.0,0.0,10,20.5,
2015-04-26,0.0,0,251600.0,1.0,555.0,0.0,0,,
2015-04-27,20343.6501203,22,251600.0,1.0,17806.0,0.0,18,44.25,
2015-04-28,25413.34542,22,251600.0,1.0,42628.0,0.0,15,341.25,
2015-04-29,32.98885957,9,251600.0,1.0,12.0,0.0,6,3.75,
2015-04-30,235.49634778,10,251600.0,1.0,613.0,0.0,10,0.7428691,
2015-05-01,2.971476,2,251600.0,1.0,48.0,0.0,3,1.485738,
2015-05-02,1.0,1,251600.0,1.0,4.0,0.0,2,1.0,
2015-05-03,1425.07115287,5,251600.0,1.0,1518.0,0.0,5,0.02382106,
2015-05-04,11.15806422,7,251600.0,1.0,83171.0,0.0,6,0.01,
2015-05-05,54.09873936,5,251600.0,1.0,21.0,0.0,6,18.0,
2015-05-06,12.47787934,7,251600.0,1.0,10.0,0.0,8,1.0,
2015-05-07,121.34541401,4,251600.0,1.0,120.0,0.0,5,7.47087237,
2015-05-08,1287.89731824,9,251600.0,1.0,546.0,0.0,12,100.0,
2015-05-09,124.0809992,11,251600.0,1.0,171.0,0.0,14,3.0,
2015-05-10,4934.04734278,15,251600.0,1.0,2466.0,0.0,14,50.0,
2015-05-11,1115.8,8,251600.0,1.0,584.0,0.0,8,128.7,
2015-05-12,2.0,4,251600.0,1.0,5.0,0.0,4,0.5,
2015-05-13,1689.10663768,11,251600.0,1.0,0.0,0.0,15,10.0,
2015-05-14,4827.24005542,16,251600.0,1.0,2185.0,0.0,15,95.0,
2015-05-15,122.59669702,13,251600.0,1.0,92.0,0.0,15,4.0,
2015-05-16,179.6,2,251600.0,1.0,297.0,0.0,4,89.8,
2015-05-17,632.69734968,11,251600.0,1.0,683.0,0.0,4,0.02299791,
2015-05-18,215175.082665,9,251600.0,1.0,31.0,200000.0,8,600.0,
2015-05-19,33698.9595547,49,451600.0,1.0,25359.0,0.0,37,100.0,
2015-05-20,655.36123235,15,451600.0,1.0,21979.0,0.0,12,2.290734,
2015-05-21,47934.0747465,24,451600.0,1.0,53849.0,0.0,17,75.39861799,
2015-05-22,1614.05500372,4,451600.0,1.0,20209.0,0.0,4,150.0,
2015-05-23,547202.854366,14,451600.0,1.0,30.0,0.0,12,713.64594341,
2015-05-24,5349.0468958,9,451600.0,1.0,5382.0,0.0,8,1.0,
2015-05-25,413215.014069,23,451600.0,1.0,2846.0,0.0,17,2.5,
2015-05-26,2944.71180858,15,451600.0,1.0,1244.0,0.0,11,4.46014889,
2015-05-27,125053.040215,4,451600.0,1.0,28002.0,0.0,5,12500.0,
2015-05-28,25793.0634316,29,451600.0,1.0,70612.0,0.0,22,3.5457942,
2015-05-29,50207.3762118,27,451600.0,1.0,16640.0,0.0,18,23.59205833,
2015-05-30,21722.8025243,40,451600.0,1.0,12448.0,0.0,24,21.57220222,
2015-05-31,2740.05609603,19,451600.0,1.0,2522.0,0.0,13,3.43962596,
2015-06-01,7651.38160256,16,451600.0,1.0,40887.0,0.0,12,10.51860917,
2015-06-02,27109.6682883,47,451600.0,1.0,75456.0,0.0,25,120.0,
2015-06-03,16328.271394,8,451600.0,1.0,24994.0,0.0,9,28.82095675,
2015-06-04,3116.97128363,15,451600.0,1.0,152.0,0.0,15,6.23910014,
2015-06-05,8.99112683,5,451600.0,1.0,22.0,0.0,6,0.21,
2015-06-06,0.0,0,451600.0,1.0,30.0,0.0,0,,
2015-06-07,1894.34154699,15,451600.0,1.0,1547.0,0.0,11,0.02226656,
2015-06-08,1241.53267724,6,451600.0,1.0,126.0,0.0,5,55.0,
2015-06-09,1393.57334859,7,451600.0,1.0,323.0,0.0,6,196.72,
2015-06-10,66849.6826405,16,451600.0,1.0,45551.0,0.0,12,22.0151167,
2015-06-11,158.02815632,5,451600.0,1.0,50162.0,0.0,7,10.0,
2015-06-12,12052.3398691,7,451600.0,1.0,41981.0,0.0,8,45.91013088,
2015-06-13,1576.93992273,3,451600.0,1.0,1636.0,0.0,4,228.14992273,
2015-06-14,1342.96663257,7,451600.0,1.0,1349.0,0.0,5,100.0,
2015-06-15,19675.8234153,14,451600.0,1.0,262077.0,0.0,15,17.78222778,
2015-06-16,25482.86,24,451600.0,1.0,204282.0,0.0,21,100.5,
2015-06-17,10826.4666017,23,451600.0,1.0,7822.0,0.0,13,64.68,
2015-06-18,3150.0838484,17,451600.0,1.0,33804.0,0.0,14,53.6069242,
2015-06-19,7145.25356494,19,451600.0,1.0,10983.0,0.0,15,34.86873625,
2015-06-20,2060.0,5,451600.0,1.0,2424.0,0.0,5,50.0,
2015-06-21,170.56648904,3,451600.0,1.0,371.0,0.0,3,24.44648904,
2015-06-22,123.1650886,1,451600.0,1.0,404.0,0.0,2,123.1650886,
2015-06-23,44.06,10,451600.0,1.0,19973.0,0.0,10,4.0,
2015-06-24,501252.132313,27,451600.0,1.0,633456.0,0.0,15,81.7,
2015-06-25,61155.0,27,451600.0,1.0,63845.0,0.0,14,200.71,
2015-06-26,4462.46747797,22,451600.0,1.0,3129.0,0.0,12,99.6477867,
2015-06-27,52.60057692,7,451600.0,1.0,668536.0,0.0,8,9.1633455,
2015-06-28,351.0403396,4,451600.0,1.0,409.0,0.0,5,12.4601698,
2015-06-29,410.38261028,7,451600.0,1.0,3121.0,0.0,9,21.0,
2015-06-30,1827.39996118,12,451600.0,1.0,472575.0,0.0,11,21.91,
2015-07-01,41483.2085124,19,451600.0,1.0,110325.0,0.0,19,1050.0,
2015-07-02,5150.63042119,13,451600.0,1.0,1436.0,0.0,12,32.81,
2015-07-03,5009.81575215,2,451600.0,1.0,14061.0,0.0,4,2504.90787608,
2015-07-04,74.87668128,15,451600.0,1.0,100.0,0.0,5,0.02520793,
2015-07-05,7239.97624663,14,451600.0,1.0,8107.0,0.0,12,12.40869845,
2015-07-06,2456.58175709,10,451600.0,1.0,652389.0,0.0,9,8.95210246,
2015-07-07,12750.0029377,7,451600.0,1.0,34946.0,0.0,10,650.0,
2015-07-08,7677.47095677,13,451600.0,1.0,1633.0,0.0,13,21.25,
2015-07-09,5807.52,12,451600.0,1.0,516.0,0.0,15,10.535,
2015-07-10,21.26404214,13,451600.0,1.0,1065.0,0.0,10,0.02668959,
2015-07-11,2093.75932966,9,451600.0,1.0,1622.0,0.0,8,62.31,
2015-07-12,505.0,2,451600.0,1.0,3187.0,0.0,4,252.5,
2015-07-13,4548.08802123,12,451600.0,1.0,242557.0,0.0,8,3.46891244,
2015-07-14,64228.3121715,30,451600.0,1.0,31442.0,0.0,25,111.645,
2015-07-15,1624.50038337,5,451600.0,1.0,1132.0,0.0,5,14.50038337,
2015-07-16,89819.3824456,25,451600.0,1.0,33532.0,0.0,22,500.0,
2015-07-17,61993.900939,32,451600.0,1.0,665897.0,0.0,17,1720.1404695,
2015-07-18,5008.03389824,11,451600.0,1.0,50532.0,0.0,11,3.49194892,
2015-07-19,2200.0,2,451600.0,1.0,2709.0,0.0,4,1100.0,
2015-07-20,178.75368742,7,451600.0,1.0,659.0,0.0,9,1.0,
2015-07-21,6689.30511132,6,451600.0,1.0,5796.0,0.0,10,282.70127783,
2015-07-22,582.7130853,11,451600.0,1.0,507.0,0.0,10,21.07,
2015-07-23,14842.5,10,451600.0,1.0,4234.0,0.0,9,124.75,
2015-07-24,38882.246814,29,451600.0,1.0,32140.0,0.0,24,71.96,
2015-07-25,296.5926073,9,451600.0,1.0,521.0,0.0,12,5.79831014,
2015-07-26,296.78350178,9,451600.0,1.0,25.0,0.0,9,10.0,
2015-07-27,12660.7502116,27,451600.0,1.0,2251.0,0.0,21,50.29723597,
2015-07-28,3342.07405759,14,451600.0,1.0,50303.0,0.0,13,5.80885994,
2015-07-29,402092.516827,9,451600.0,1.0,404935.0,0.0,11,6752.98233177,
2015-07-30,624.49,3,451600.0,1.0,28285.0,0.0,6,24.89,
2015-07-31,8212.13,2,451600.0,1.0,110.0,0.0,2,4106.065,
2015-08-01,220.2,3,451600.0,1.0,1766.0,0.0,5,20.0,
2015-08-02,4341.74882125,7,451600.0,1.0,4443.0,0.0,10,100.0,
2015-08-03,1467.40651786,12,451600.0,1.0,258279.0,0.0,9,35.5,
2015-08-04,3695.0,2,451600.0,1.0,4182.0,0.0,4,1847.5,
2015-08-05,12331.845946,18,451600.0,1.0,11013.0,0.0,18,75.555,
2015-08-06,18246.5169873,23,451600.0,1.0,15979.0,0.0,20,2.26470581,
2015-08-07,280003.050926,19,451600.0,1.0,189055.0,0.0,17,2295.0,
2015-08-08,129.57999527,7,451600.0,1.0,2229.0,0.0,8,0.02069264,
2015-08-09,73300.2434854,24,451600.0,1.0,657.0,0.0,19,20.385,
2015-08-10,82941.8415345,19,451600.0,1.0,152265.0,0.0,16,550.0,
2015-08-11,16846.6257984,21,451600.0,1.0,526.0,0.0,15,24.23,
2015-08-12,6963.13703003,25,451600.0,1.0,1602.0,0.0,10,49.52,
2015-08-13,83.92,3,451600.0,1.0,1521.0,0.0,4,39.69,
2015-08-14,4926.84802349,14,451600.0,1.0,2346.0,0.0,16,8.0,
2015-08-15,745.66196302,18,451600.0,1.0,4232.0,0.0,19,0.85442117,
2015-08-16,383.43565099,18,451600.0,1.0,1644.0,0.0,14,20.5,
2015-08-17,43131.992426,15,451600.0,1.0,20942.0,0.0,11,50.5,
2015-08-18,36109.8272245,38,451600.0,1.0,65246.0,0.0,23,13.0,
2015-08-19,242771.852213,77,451600.0,1.0,157207.0,0.0,35,139.02,
2015-08-20,4916.43176272,13,451600.0,1.0,2841.0,0.0,12,4.45,
2015-08-21,4900.50011909,7,451600.0,1.0,5957.0,0.0,8,750.0,
2015-08-22,100.66008612,5,451600.0,1.0,1296.0,0.0,5,20.42,
2015-08-23,34.4532417,5,451600.0,1.0,2275.0,0.0,7,9.88566804,
2015-08-24,1584.19560388,6,451600.0,1.0,73637.0,0.0,5,18.66855099,
2015-08-25,417127.859961,30,451600.0,1.0,433444.0,0.0,15,118.71925125,
2015-08-26,129150.536206,7,451600.0,1.0,1643.0,0.0,7,19.21,
2015-08-27,1639.14886143,5,451600.0,1.0,2446.0,0.0,7,19.04,
2015-08-28,6739.10763104,14,451600.0,1.0,6213.0,0.0,12,18.52,
2015-08-29,2193.73840345,11,451600.0,1.0,1207.0,0.0,12,134.26467628,
2015-08-30,470.36783037,40,451600.0,1.0,3319.0,0.0,38,0.02624441,
2015-08-31,9924.71468132,47,451600.0,1.0,7022.0,0.0,38,1.6487089,
2015-09-01,4283.10029186,16,451600.0,1.0,6136.0,0.0,13,70.03,
2015-09-02,518.41108768,22,451600.0,1.0,1710.0,0.0,16,0.01,
2015-09-03,696.37409195,26,451600.0,1.0,890.0,0.0,17,0.015,
2015-09-04,170.42249636,17,451600.0,1.0,672.0,0.0,15,0.5,
2015-09-05,14015.120549,51,451600.0,1.0,13467.0,0.0,23,125.0,
2015-09-06,23227.9451621,35,451600.0,1.0,17951.0,0.0,11,500.0,
2015-09-07,19324.152435,29,451600.0,1.0,22316.0,0.0,21,31.3,
2015-09-08,3063.07346697,24,451600.0,1.0,2963.0,0.0,21,1.5,
2015-09-09,100827.537933,632,451600.0,1.0,106307.0,0.0,46,1e-06,
2015-09-10,10001.0211301,209,451600.0,1.0,9265.0,0.0,13,1e-07,
2015-09-11,53204.0459257,18,451600.0,1.0,29213.0,0.0,14,13.0,
2015-09-12,6718.0,9,451600.0,1.0,4331.0,0.0,7,599.5,
2015-09-13,118.8643733,6,451600.0,1.0,696.0,0.0,7,10.217427,
2015-09-14,16374.1468106,63,451600.0,1.0,228.0,0.0,36,0.02,
2015-09-15,71785.5469816,32,451600.0,1.0,71982.0,0.0,16,0.02,
2015-09-16,130657.478,27,451600.0,1.0,52821.0,0.0,24,4.1,
2015-09-17,77955.4106331,29,451600.0,1.0,28268.0,0.0,18,1850.0,
2015-09-18,23159.621813,19,451600.0,1.0,15624.0,0.0,18,23.08084979,
2015-09-19,1052.10449109,7,451600.0,1.0,821.0,0.0,8,20.0,
2015-09-20,39.0,2,451600.0,1.0,112.0,0.0,3,19.5,
2015-09-21,10061.975552,13,451600.0,1.0,9470.0,0.0,12,3.97198751,
2015-09-22,21791.6345849,39,451600.0,1.0,19998.0,0.0,25,0.02,
2015-09-23,1011.8118147,33,451600.0,1.0,5751.0,0.0,18,0.02,
2015-09-24,102264.123302,19,451600.0,1.0,103489.0,0.0,13,100.0,
2015-09-25,216.40428471,31,451600.0,1.0,608.0,0.0,17,0.1,
2015-09-26,3758.85574606,7,451600.0,1.0,528.0,0.0,8,123.72014132,
2015-09-27,0.05626672,4,451600.0,1.0,1998.0,0.0,4,0.0165254,
2015-09-28,406418.81,18,451600.0,1.0,394927.0,0.0,10,18245.0,
2015-09-29,413900.481283,36,451600.0,1.0,419071.0,0.0,19,63.75,
2015-09-30,143549.778016,21,451600.0,1.0,142982.0,0.0,16,5.0,
2015-10-01,179093.846995,10,451600.0,1.0,178994.0,0.0,9,1027.5,
2015-10-02,13070.7614769,12,451600.0,1.0,14619.0,0.0,10,99.5,
2015-10-03,369769.314487,18,451600.0,1.0,368077.0,0.0,11,850.0,
2015-10-04,70572.6356964,10,451600.0,1.0,3459.0,0.0,9,36.755,
2015-10-05,19430.5784376,18,451600.0,1.0,17654.0,0.0,15,82.5,
2015-10-06,52627.2567832,36,451600.0,1.0,55914.0,0.0,22,34.85,
2015-10-07,9019.85182841,31,451600.0,1.0,8055.0,0.0,19,53.13351521,
2015-10-08,2744.74648162,43,451600.0,1.0,5197.0,0.0,24,25.65,
2015-10-09,57565.8276601,18,451600.0,1.0,1830.0,0.0,16,42.85,
2015-10-10,128339.369962,10,451600.0,1.0,117.0,0.0,8,97.4888866,
2015-10-11,23476.9334374,7,451600.0,1.0,47946.0,0.0,5,125.0,
2015-10-12,57078.5845962,77,451600.0,1.0,25978.0,0.0,42,0.02,
2015-10-13,137401.971551,45,451600.0,1.0,122426.0,0.0,27,397.14,
2015-10-14,10672.8240832,20,451600.0,1.0,10378.0,0.0,18,147.35,
2015-10-15,105036.331315,86,451600.0,1.0,98815.0,0.0,45,30.69,
2015-10-16,49129.2357113,46,451600.0,1.0,37796.0,0.0,24,359.9541,
2015-10-17,4255.82779623,25,451600.0,1.0,3697.0,0.0,18,72.368,
2015-10-18,4454.45923198,31,451600.0,1.0,3108.0,0.0,16,153.5,
2015-10-19,3949.4,8,451600.0,1.0,6589.0,0.0,6,124.2,
2015-10-20,40811.1782535,37,451600.0,1.0,30335.0,0.0,36,75.0,
2015-10-21,22586.9974602,24,451600.0,1.0,42472.0,0.0,16,132.46,
2015-10-22,136362.26753,41,451600.0,1.0,76061.0,0.0,23,200.0,
2015-10-23,181614.083504,44,451600.0,1.0,115132.0,0.0,27,1073.5,
2015-10-24,106246.732132,44,451600.0,1.0,73679.0,0.0,26,62.271,
2015-10-25,162936.691425,51,451600.0,1.0,191596.0,0.0,25,150.0,
2015-10-26,38583.8839631,37,451600.0,1.0,40692.0,0.0,18,52.9475738,
2015-10-27,57661.6307412,75,451600.0,1.0,51400.0,0.0,25,24.27970208,
2015-10-28,67468.0067972,68,451600.0,1.0,64488.0,0.0,21,125.0,
2015-10-29,223216.343506,67,451600.0,1.0,227491.0,0.0,21,32.02,
2015-10-30,230282.411311,86,451600.0,1.0,26909.0,0.0,25,112.5,
2015-10-31,35748.8202193,76,451600.0,1.0,26367.0,0.0,23,67.05,
2015-11-01,7350.79341565,47,451600.0,1.0,4506.0,0.0,20,11.2,
2015-11-02,291428.719093,131,451600.0,1.0,15845.0,0.0,33,100.0,
2015-11-03,47861.7889843,177,451600.0,1.0,90103.0,0.0,40,49.76,
2015-11-04,158757.66073,193,451600.0,1.0,181021.0,0.0,42,122.16,
2015-11-05,236831.927771,153,451600.0,1.0,226537.0,0.0,40,148.5,
2015-11-06,363002.088657,139,451600.0,1.0,372540.0,0.0,38,94.45794426,
2015-11-07,665849.37425,98,451600.0,1.0,999501.0,0.0,32,150.675,
2015-11-08,12467.167068,49,451600.0,1.0,143097.0,0.0,20,109.16652621,
2015-11-09,40012.390891,81,451600.0,1.0,18568.0,0.0,25,142.01,
2015-11-10,567875.474251,28,451600.0,1.0,14722.0,0.0,13,55.115,
2015-11-11,1752963.11837,37,451600.0,1.0,34324.0,0.0,18,3399.5,
2015-11-12,38528.21658,44,451600.0,1.0,34994.0,0.0,21,149.62365,
2015-11-13,65183.8471194,51,451600.0,1.0,49617.0,0.0,21,81.7146,
2015-11-14,30865.5178611,29,451600.0,1.0,28995.0,0.0,11,51.89,
2015-11-15,7264.64256783,20,451600.0,1.0,33393.0,0.0,8,111.065,
2015-11-16,9159.69538847,9,451600.0,1.0,10553.0,0.0,5,495.69538847,
2015-11-17,18573.7720822,10,451600.0,1.0,25693.0,0.0,11,82.0,
2015-11-18,2088.06856572,22,451600.0,1.0,6058.0,0.0,7,66.36599315,
2015-11-19,15836.0191793,40,451600.0,1.0,18891.0,0.0,16,9.92557306,
2015-11-20,19628.3522427,38,451600.0,1.0,10003.0,0.0,15,10.5408659,
2015-11-21,3899.6959204,15,451600.0,1.0,6456.0,0.0,9,97.0,
2015-11-22,2802.77485851,21,451600.0,1.0,5443.0,0.0,13,74.58,
2015-11-23,29363.5819902,11,451600.0,1.0,25499.0,0.0,9,1049.5,
2015-11-24,6900.89752893,13,451600.0,1.0,11121.0,0.0,10,419.85760001,
2015-11-25,1493.13,15,451600.0,1.0,6875.0,0.0,12,12.0,
2015-11-26,11735.5813228,54,451600.0,1.0,20800.0,0.0,20,99.75,
2015-11-27,12620.5825695,40,451600.0,1.0,8253.0,0.0,13,33.26342565,
2015-11-28,16187.6960264,18,451600.0,1.0,22508.0,0.0,8,62.71,
2015-11-29,105847.119997,7,451600.0,1.0,134696.0,0.0,6,258.5,
2015-11-30,413740.753909,33,451600.0,1.0,659724.0,0.0,16,31.48,
2015-12-01,572995.924232,33,451600.0,1.0,129772.0,500000.0,21,179.0,
2015-12-02,250237.972684,34,951594.0,0.999994,195747.0,0.0,18,1380.96696882,
2015-12-03,267947.7,26,951600.0,1.0,141337.0,0.0,16,10.0,
2015-12-04,6171.63107749,15,951600.0,1.0,7738.0,0.0,12,60.0,
2015-12-05,4554.80314406,11,951600.0,1.0,21568.0,0.0,14,1.11114406,
2015-12-06,217621.44544,71,951600.0,1.0,220143.0,0.0,14,50.5,
2015-12-07,4296.99052501,45,951600.0,1.0,11224.0,0.0,14,50.0,
2015-12-08,640807.312754,53,951600.0,1.0,9504.0,0.0,31,15.86,
2015-12-09,1024343.03043,105,951762.0,1.0,17421.0,0.0,29,82.13,
2015-12-10,21350.5030049,41,951667.0,1.0,23195.0,0.0,17,172.0,
2015-12-11,146317.785117,40,951600.0,1.0,102209.0,0.0,16,98.43645273,
2015-12-12,23657.5625353,80,951600.0,1.0,39261.0,0.0,19,106.595,
2015-12-13,13154.3868495,58,951600.0,1.0,13796.0,0.0,14,124.165,
2015-12-14,4475.17365266,68,951600.0,1.0,8173.0,0.0,14,39.97,
2015-12-15,1110783.77948,78,951600.0,1.0,22210.0,0.0,22,70.19,
2015-12-16,212630.845421,82,951600.0,1.0,143155.0,0.0,22,85.725,
2015-12-17,1512069.19932,32,951600.0,1.0,2226.0,0.0,14,48.93,
2015-12-18,1382267.78335,71,951600.0,1.0,6493.0,0.0,25,67.99,
2015-12-19,14582.6601016,62,951600.0,1.0,23202.0,0.0,14,109.58,
2015-12-20,3814.7765373,26,951600.0,1.0,16100.0,0.0,12,27.50173639,
2015-12-21,8974.3414036,29,951600.0,1.0,18913.0,0.0,18,55.0,
2015-12-22,1533946.37073,35,951471.0,0.999864,10915.0,0.0,21,133.391315754,
2015-12-23,527216.105408,35,951414.0,0.999805,66711.0,0.0,25,135.573558,
2015-12-24,164329.626587,47,951600.0,1.0,91078.0,0.0,21,41.89,
2015-12-25,618007.94688,45,951600.0,1.0,618112.0,0.0,12,41.89,
2015-12-26,7732.43229245,19,951600.0,1.0,15305.0,0.0,15,126.74819129,
2015-12-27,25348.5531285,21,951600.0,1.0,26317.0,0.0,14,552.0,
2015-12-28,158066.115596,23,951600.0,1.0,82323.0,0.0,18,153.3,
2015-12-29,18856.0892113,65,951600.0,1.0,14115.0,0.0,29,6.4,
2015-12-30,257798.661445,25,951600.0,1.0,7389.0,0.0,18,42.0,
2015-12-31,7469.65379143,24,951600.0,1.0,6995.0,0.0,11,116.345,
2016-01-01,4095.22702226,28,951600.0,1.0,4876.0,0.0,15,23.47,
2016-01-02,2075.79960308,92,951600.0,1.0,4701.0,0.0,17,0.00016392,
2016-01-03,410.90435581,497,951600.0,1.0,1389.0,0.0,8,0.00015928,
2016-01-04,163693.157954,1564,951600.0,1.0,81182.0,0.0,18,0.00016046,
2016-01-05,1581.9411654,52,951600.0,1.0,1350.0,0.0,37,0.9936875,
2016-01-06,1061117.81124,28,951838.0,1.0,541019.0,500000.0,16,16.66562062,
2016-01-07,856329.265382,73,1451600.0,1.0,25544.0,0.0,42,125.0,
2016-01-08,20355.3986853,44,1451600.0,1.0,13420.0,0.0,34,22.15,
2016-01-09,2168.81126855,18,1451600.0,1.0,3359.0,0.0,12,43.35,
2016-01-10,66943.9555621,33,1451600.0,1.0,66196.0,0.0,15,76.68,
2016-01-11,315639.743725,34,1451600.0,1.0,118900.0,0.0,23,401.81,
2016-01-12,2051.22063739,28,1451600.0,1.0,11714.0,0.0,18,17.49746101,
2016-01-13,364136.368596,25,1451600.0,1.0,9873.0,0.0,23,29.91947938,
2016-01-14,22990.6236589,26,1452270.0,1.0,20292.0,0.0,19,373.1,
2016-01-15,172739.064508,26,1451600.0,1.0,95995.0,0.0,25,206.87373295,
2016-01-16,65751.7690724,43,1451600.0,1.0,74254.0,0.0,30,297.4,
2016-01-17,5258.524259,26,1452170.0,1.0,17361.0,0.0,9,112.055,
2016-01-18,141385.093549,71,1451600.0,1.0,160834.0,0.0,28,249.93,
2016-01-19,2733444.03426,36,1451600.0,1.0,9857.0,0.0,20,385.22377803,
2016-01-20,1282746.68958,39,1451600.0,1.0,17069.0,0.0,24,200.0,
2016-01-21,29388.9584748,50,1451600.0,1.0,35772.0,0.0,22,90.845,
2016-01-22,968254.191811,39,1451600.0,1.0,26682.0,0.0,20,171.04,
2016-01-23,14178.8701606,32,1451700.0,1.0,28438.0,0.0,17,111.46,
2016-01-24,8726.17015545,20,1451770.0,1.0,21139.0,0.0,12,62.965,
2016-01-25,17008.0289998,42,1451610.0,1.0,44570.0,0.0,25,10.0,
2016-01-26,82640.2027213,18,1451610.0,1.0,69162.0,0.0,15,193.8,
2016-01-27,19464.109589,48,1451600.0,1.0,37598.0,0.0,22,106.065,
2016-01-28,303640.126364,52,1451600.0,1.0,155498.0,0.0,27,41.24,
2016-01-29,81974.5415209,39,1451600.0,0.999999,73399.0,0.0,23,96.999903,
2016-01-30,5160.7491617,10,1451570.0,0.999978,6307.0,0.0,13,74.99835,
2016-01-31,3133.77126487,16,1451600.0,1.0,10385.0,0.0,11,163.94288547,
2016-02-01,59413.4588546,30,1451600.0,0.999999,76317.0,0.0,20,374.05962594,
2016-02-02,705968.792815,22,1451560.0,0.999969,7113.0,0.0,12,272.72154537,
2016-02-03,208393.999927,58,1451600.0,1.0,104733.0,0.0,28,283.965,
2016-02-04,210878.979069,53,1451600.0,1.0,150392.0,0.0,24,296.46,
2016-02-05,225801.985864,31,1451600.0,1.0,97341.0,0.0,17,413.9,
2016-02-06,709855.877679,32,1451600.0,1.0,715070.0,0.0,23,480.938353,
2016-02-07,13340.8765015,29,1451600.0,1.0,27176.0,0.0,15,484.17,
2016-02-08,37698.9142942,30,1451600.0,1.0,36002.0,0.0,16,116.375,
2016-02-09,11668.4319152,21,1451600.0,1.0,36351.0,0.0,17,352.702681,
2016-02-10,55584.9867697,63,1451600.0,1.0,125936.0,0.0,22,159.04,
2016-02-11,32186.1177371,50,1451600.0,1.0,65354.0,0.0,21,71.88151188,
2016-02-12,301608.753334,110,1451600.0,1.0,407856.0,0.0,37,94.9035625,
2016-02-13,27296.794796,67,1451600.0,1.0,98085.0,0.0,28,96.30599988,
2016-02-14,25414.5166263,62,1451600.0,1.0,52365.0,0.0,24,65.65355999,
2016-02-15,56517.2136018,73,1452860.0,1.0,95454.0,0.0,27,112.46,
2016-02-16,18102.7875238,30,1451610.0,1.0,58641.0,0.0,18,92.61532581,
2016-02-17,268097.093595,99,1451610.0,1.0,169298.0,0.0,33,88.02,
2016-02-18,47982.9200236,60,1451600.0,1.0,71827.0,0.0,27,33.7,
2016-02-19,26786.5899201,40,1451600.0,1.0,50866.0,0.0,20,13.605,
2016-02-20,30640.8707553,61,1451600.0,1.0,57051.0,0.0,14,337.5,
2016-02-21,28478.7127933,93,1451600.0,1.0,55018.0,0.0,27,61.4,
2016-02-22,19443.5455029,55,1451600.0,1.0,46520.0,0.0,23,337.5,
2016-02-23,32252.343698,56,1451600.0,1.0,107259.0,0.0,28,133.96791517,
2016-02-24,29778.2209013,66,1451600.0,1.0,85160.0,0.0,32,146.27280688,
2016-02-25,496945.234603,195,1451370.0,0.999844,433922.0,0.0,58,403.223194947,
2016-02-26,111925.467376,82,1451600.0,1.0,102891.0,0.0,40,129.54168163,
2016-02-27,73924.856599,61,1451600.0,1.0,96721.0,0.0,21,267.5085108,
2016-02-28,45114.4987723,57,1451600.0,1.0,114084.0,0.0,25,149.57,
2016-02-29,68167.5704439,49,1451600.0,1.0,77532.0,0.0,17,110.88,
2016-03-01,336111.074078,70,1451630.0,1.0,143221.0,0.0,26,388.65,
2016-03-02,36529.3289811,65,1451590.0,0.999991,61533.0,0.0,27,119.4989245,
2016-03-03,64503.2437626,55,1451540.0,0.999961,179492.0,0.0,31,87.7501907491,
2016-03-04,29095.3010607,76,1451600.0,0.999999,150575.0,0.0,24,31.434977145,
2016-03-05,184693.073252,131,1451600.0,1.0,354905.0,0.0,39,395.25,
2016-03-06,81931.0453236,107,1451600.0,1.0,279531.0,0.0,31,180.21873822,
2016-03-07,44788.4723277,22,1451600.0,0.999998,143086.0,0.0,16,763.998472,
2016-03-08,57789.2039528,22,1451600.0,0.999998,144215.0,0.0,18,499.999,
2016-03-09,38036.0507951,30,1451600.0,1.0,158280.0,0.0,22,83.7523271,
2016-03-10,29260.9851416,38,1451450.0,0.999895,126353.0,0.0,20,657.4309625,
2016-03-11,39305.5404483,32,1451590.0,0.999994,92528.0,0.0,20,544.99673,
2016-03-12,22670.3337832,23,1451590.0,0.999995,253278.0,0.0,17,129.99935,
2016-03-13,20668.0113767,46,1451450.0,0.999896,209067.0,0.0,27,151.293953692,
2016-03-14,51931.2701574,81,1451480.0,0.999917,369834.0,0.0,25,304.98468417,
2016-03-15,40016.0245374,61,1451590.0,0.999994,72352.0,0.0,27,307.50815494,
2016-03-16,18876.6,29,1451600.0,1.0,74773.0,0.0,15,208.07,
2016-03-17,70527.2251028,54,1451600.0,1.0,219091.0,0.0,23,102.35,
2016-03-18,66995.4385056,41,1451580.0,0.999983,326978.0,0.0,18,487.991704,
2016-03-19,66359.7053989,31,1451590.0,0.999998,119685.0,0.0,21,999.998,
2016-03-20,16719.0227427,20,1451590.0,0.999998,82858.0,0.0,13,228.171532846,
2016-03-21,85980.689579,48,1451590.0,0.999998,188116.0,0.0,14,204.10459179,
2016-03-22,44456.6826794,39,1451590.0,0.999999,118249.0,0.0,13,219.99978,
2016-03-23,74476.0415239,25,1451590.0,0.999999,82970.0,0.0,20,142.999857,
2016-03-24,32886.5672606,40,1451590.0,0.999999,108214.0,0.0,16,3.4999965,
2016-03-25,13641.0559982,18,1451550.0,0.999973,32068.0,0.0,16,29.99919,
2016-03-26,12678.8378006,22,1451590.0,1.0,43612.0,0.0,11,43.78,
2016-03-27,64869.2014745,48,1451590.0,1.0,111330.0,0.0,11,205.48,
2016-03-28,39133.2547753,44,1451590.0,1.0,112757.0,0.0,16,229.75,
2016-03-29,943172.246195,56,1451590.0,1.0,1042210.0,0.0,23,243.005,
2016-03-30,79819.797327,38,1451590.0,1.0,204201.0,0.0,16,208.05990505,
2016-03-31,128172.87437,49,1451590.0,1.0,147747.0,0.0,25,2.5,
2016-04-01,122585.382359,45,1451590.0,1.0,50033.0,0.0,30,249.5,
2016-04-02,124117.71067,23,1451590.0,1.0,103658.0,0.0,14,170.9492956,
2016-04-03,51871.2991269,80,1451590.0,1.0,99267.0,0.0,25,171.78348815,
2016-04-04,532874.996172,98,1451590.0,1.0,486533.0,0.0,27,229.5,
2016-04-05,59443.6620533,26,1451590.0,1.0,115498.0,0.0,18,213.57783698,
2016-04-06,56311.8237728,50,1451590.0,1.0,82048.0,0.0,29,10.53,
2016-04-07,6230.53829757,17,1451620.0,1.0,44185.0,0.0,10,10.43829757,
2016-04-08,353469.978722,25,1451620.0,1.0,441626.0,0.0,15,202.08231373,
2016-04-09,24103.8783373,63,1451590.0,1.0,117876.0,0.0,18,209.63432492,
2016-04-10,4193.42647922,29,1451590.0,1.0,173469.0,0.0,11,133.37,
2016-04-11,10009.5271692,38,1451590.0,1.0,38497.0,0.0,28,98.52,
2016-04-12,342049.449698,49,1451370.0,0.999846,430502.0,0.0,19,222.8156811,
2016-04-13,163286.822364,41,1451590.0,1.0,173569.0,0.0,19,99.9,
2016-04-14,417958.454349,39,1451590.0,1.0,349208.0,0.0,24,1372.5,
2016-04-15,66130.9813242,19,1451590.0,1.0,79197.0,0.0,13,79.58,
2016-04-16,51439.3750334,17,1451590.0,1.0,66411.0,0.0,15,1574.8,
2016-04-17,27361.3722078,39,1451590.0,1.0,121920.0,0.0,16,215.87494991,
2016-04-18,229555.514064,35,1451590.0,1.0,160979.0,0.0,21,233.61,
2016-04-19,78315.2551654,27,1451590.0,1.0,116370.0,0.0,16,141.33419025,
2016-04-20,73474.1551875,42,1451590.0,1.0,103226.0,0.0,17,207.16264056,
2016-04-21,203689.976756,65,1451590.0,1.0,278840.0,0.0,31,218.5,
2016-04-22,158854.610605,62,1451590.0,1.0,143608.0,0.0,30,199.13593618,
2016-04-23,502151.850929,31,1451590.0,1.0,512936.0,0.0,14,209.0,
2016-04-24,42019.076519,23,1451590.0,1.0,68016.0,0.0,15,79.52,
2016-04-25,367369.15433,57,1451590.0,1.0,298864.0,0.0,31,244.5,
2016-04-26,503331.087542,48,1451590.0,1.0,515109.0,0.0,23,2899.5,
2016-04-27,1012492.75911,39,1451590.0,1.0,481952.0,0.0,33,300.0,
2016-04-28,576895.742632,70,1451590.0,1.0,544476.0,500000.0,27,337.5,
2016-04-29,187019.2771,51,1951590.0,1.0,146006.0,0.0,29,369.19,
2016-04-30,534424.887345,81,1951590.0,1.0,454278.0,0.0,22,234.4,
2016-05-01,20638.761521,33,1951590.0,1.0,49006.0,0.0,9,235.56,
2016-05-02,92171.6739224,52,1951590.0,1.0,193440.0,0.0,17,242.09,
2016-05-03,422976.66829,27,1951590.0,1.0,408428.0,0.0,15,1414.0,
2016-05-04,300432.385566,24,1951590.0,1.0,215176.0,0.0,15,370.7073012,
2016-05-05,1200700.36923,33,1951590.0,1.0,753773.0,0.0,16,269.21953357,
2016-05-06,2697793.76543,47,1951590.0,1.0,2747610.0,0.0,22,201.01,
2016-05-07,34305.7169907,41,1951590.0,1.0,73083.0,0.0,19,235.0,
2016-05-08,45545.1735298,16,1951590.0,1.0,80059.0,0.0,12,73.88,
2016-05-09,397959.298642,27,1951590.0,1.0,324466.0,0.0,16,5000.0,
2016-05-10,6493842.6032,51,1951590.0,1.0,6102180.0,0.0,17,3024.0,
2016-05-11,231174.028984,27,1951590.0,1.0,270254.0,0.0,18,65.77222995,
2016-05-12,356506.977856,25,1951590.0,1.0,168513.0,0.0,18,223.5,
2016-05-13,4384.477892,21,1951590.0,1.0,62149.0,0.0,13,96.85,
2016-05-14,3074.7322783,4,1958050.0,1.0,61320.0,0.0,6,1000.0,
2016-05-15,164492.739033,26,1958460.0,1.0,219450.0,0.0,24,48.29093375,
2016-05-16,1017157.86893,16,1951590.0,1.0,567230.0,0.0,14,1159.75,
2016-05-17,136225.455957,27,1951590.0,1.0,178706.0,0.0,23,129.5,
2016-05-18,192796.064,71,1951590.0,1.0,229307.0,0.0,30,242.0,
2016-05-19,251927.715708,56,1951590.0,1.0,329926.0,0.0,29,850.0,
2016-05-20,210854.088025,112,1951590.0,1.0,261677.0,0.0,38,235.85,
2016-05-21,112925.923903,121,1951590.0,1.0,167338.0,0.0,29,279.0,
2016-05-22,8204.12020909,42,1951590.0,1.0,104196.0,0.0,10,268.75,
2016-05-23,293813.831395,89,1951590.0,1.0,190548.0,0.0,34,266.0,
2016-05-24,214697.901298,56,1951590.0,1.0,153609.0,0.0,29,282.41,
2016-05-25,154644.147911,45,1951630.0,1.0,209870.0,0.0,23,49.957564,
2016-05-26,5704808.61583,60,1951590.0,1.0,5707670.0,0.0,26,1384.0,
2016-05-27,509396.724714,164,1951590.0,1.0,707718.0,0.0,34,335.64,
2016-05-28,317450.268661,292,1951590.0,1.0,613257.0,0.0,45,332.7,
2016-05-29,1775536.40728,292,1951590.0,1.0,705697.0,0.0,67,517.9,
2016-05-30,606096.233047,198,1951590.0,1.0,422532.0,0.0,53,307.63,
2016-05-31,189224.67677,198,1951590.0,1.0,2580270.0,0.0,42,337.5,
2016-06-01,1270324.17356,256,1951590.0,1.0,1030660.0,1000000.0,51,495.16,
2016-06-02,203375.418201,119,2951590.0,1.0,223416.0,0.0,36,437.37,
2016-06-03,5068283.23363,197,2951590.0,1.0,2459760.0,0.0,50,450.0,
2016-06-04,110700.388326,73,2951590.0,1.0,438311.0,0.0,32,533.19,
2016-06-05,237055.927308,52,2951590.0,1.0,139775.0,0.0,31,117.955,
2016-06-06,725021.36422,98,2951590.0,1.0,792495.0,0.0,41,64.505,
2016-06-07,107273.931767,107,2951590.0,1.0,295779.0,0.0,38,134.32,
2016-06-08,44319.9104453,57,2951590.0,1.0,155586.0,0.0,24,174.15,
2016-06-09,1760383.22594,105,2951590.0,1.0,149115.0,0.0,33,129.5,
2016-06-10,203204.56141,63,2951590.0,1.0,206234.0,0.0,31,164.52,
2016-06-11,32012.4303009,57,2951590.0,1.0,134797.0,0.0,13,499.8,
2016-06-12,369994.615482,325,2951590.0,1.0,1030810.0,0.0,50,374.18173507,
2016-06-13,1479682.38653,368,2951590.0,1.0,1673420.0,0.0,79,523.06,
2016-06-14,2514520.6048,456,2951590.0,1.0,2479570.0,3000000.0,112,704.0,
2016-06-15,3424905.60012,455,5951590.0,1.0,1738970.0,0.0,102,781.94,
2016-06-16,2013100.14593,456,5951590.0,1.0,3547690.0,0.0,101,751.89,
2016-06-17,1824369.87519,400,5951580.0,0.999999,6105470.0,0.0,126,628.4993715,
2016-06-18,1265316.61286,294,5951580.0,0.999999,3759450.0,0.0,70,608.202441837,
2016-06-19,438635.7222,163,5951580.0,0.999999,1377470.0,0.0,63,274.80972519,
2016-06-20,2653353.15038,152,5951580.0,0.999999,2855850.0,0.0,49,999.999,
2016-06-21,2892958.39897,307,5951590.0,1.0,3652970.0,0.0,76,860.94,
2016-06-22,1668924.08362,220,5951590.0,1.0,3966370.0,0.0,64,692.23923221,
2016-06-23,799543.294175,273,5951590.0,1.0,2838010.0,0.0,83,1004.12,
2016-06-24,1875199.58928,207,5951590.0,1.0,3067830.0,0.0,86,1407.62,
2016-06-25,160153.481313,136,5951650.0,1.0,1223680.0,0.0,46,356.23,
2016-06-26,364879.19532,109,5951650.0,1.0,798039.0,0.0,33,258.22,
2016-06-27,149436.077825,97,5951650.0,1.0,576205.0,0.0,52,399.5,
2016-06-28,1515107.6999,153,5951310.0,0.999953,2242170.0,0.0,60,1252.29190871,
2016-06-29,456169.570474,83,5951590.0,1.0,808151.0,0.0,32,1795.6100069,
2016-06-30,858885.456031,100,5951590.0,1.0,1322550.0,0.0,40,1575.1069747,
2016-07-01,716453.464286,95,5951590.0,1.0,985150.0,0.0,43,4681.5,
2016-07-02,162157.958985,48,5951590.0,1.0,561867.0,0.0,27,616.11,
2016-07-03,613570.068451,65,5951590.0,1.0,1161670.0,0.0,26,2860.65,
2016-07-04,845933.291338,186,5951590.0,1.0,1703670.0,0.0,48,1257.49305914,
2016-07-05,742477.163454,135,5951590.0,1.0,1405480.0,0.0,49,1099.5,
2016-07-06,289360.300449,76,5951590.0,1.0,567909.0,0.0,35,217.93,
2016-07-07,1210858.57348,165,5951590.0,1.0,1875330.0,0.0,49,1939.69763112,
2016-07-08,760462.934237,98,5951540.0,0.999991,1277010.0,0.0,44,1499.9865,
2016-07-09,337352.439707,81,5951580.0,0.999999,878486.0,0.0,31,566.995235144,
2016-07-10,157524.613465,42,5951580.0,0.999999,284642.0,0.0,25,447.13955286,
2016-07-11,456928.726743,71,5951580.0,0.999999,651964.0,0.0,40,656.748325751,
2016-07-12,702652.774699,69,5952540.0,1.0,888710.0,1000000.0,45,1000.0,
2016-07-13,344582.47736,44,6951590.0,1.0,368649.0,0.0,23,2000.17271385,
2016-07-14,353030.212624,45,6951590.0,1.0,640118.0,0.0,30,1999.5,
2016-07-15,433886.947617,60,6951590.0,1.0,581262.0,0.0,35,541.59242803,
2016-07-16,177197.904795,38,6951590.0,1.0,289175.0,0.0,25,366.34242803,
2016-07-17,161099.492078,32,6951590.0,1.0,333668.0,0.0,18,249.75,
2016-07-18,613438.809744,107,6951590.0,1.0,1131710.0,0.0,39,299.5,
2016-07-19,696546.059227,51,6951590.0,1.0,798546.0,0.0,27,6000.0,
2016-07-20,1472008.86807,79,6951660.0,1.0,1571990.0,0.0,40,487.5,
2016-07-21,241224.17909,31,6951590.0,1.0,313139.0,0.0,23,3000.0,
2016-07-22,779783.403098,118,6951590.0,1.0,1537170.0,0.0,66,49.99005086,
2016-07-23,321721.075362,38,6951590.0,1.0,618298.0,0.0,26,1000.0,
2016-07-24,518825.61258,66,6951590.0,1.0,1208880.0,0.0,25,999.5,
2016-07-25,1230537.77331,40,6951590.0,1.0,1425810.0,0.0,28,662.91,
2016-07-26,957040.088047,91,6951580.0,0.999999,1867980.0,0.0,38,1006.6783668,
2016-07-27,577734.593074,89,6951590.0,1.0,928283.0,0.0,37,658.21,
2016-07-28,961048.568721,55,6951590.0,1.0,1369300.0,0.0,39,530.63144978,
2016-07-29,344053.193556,38,6951590.0,1.0,351932.0,0.0,29,700.0,
2016-07-30,48588.433938,15,6952150.0,1.0,158622.0,0.0,14,44.5,
2016-07-31,230427.188689,49,6951660.0,1.0,893038.0,0.0,32,700.0,
2016-08-01,910421.847431,113,6951330.0,0.999962,1944300.0,0.0,40,1099.9582,
2016-08-02,941789.40318,111,6951580.0,0.999999,7399410.0,0.0,62,997.153848165,
2016-08-03,198836.750089,75,6951560.0,0.999995,4139570.0,0.0,49,748.570596868,
2016-08-04,20744.1783808,22,6951560.0,0.999996,2005600.0,0.0,22,55.71977712,
2016-08-05,25407.7624213,28,6951560.0,0.999996,623230.0,0.0,23,329.99868,
2016-08-06,50007.3537534,11,6950420.0,0.999831,879406.0,0.0,10,215.727137471,
2016-08-07,9759.79990924,37,6948510.0,0.999557,1205650.0,0.0,24,78.1473453429,
2016-08-08,33926.8607342,23,6948510.0,0.999557,613117.0,0.0,23,89.96013,
2016-08-09,137890.442156,23,6948510.0,0.999557,1735260.0,0.0,19,401.83190957,
2016-08-10,92099.3111004,28,6948510.0,0.999557,1457520.0,0.0,25,419.22420123,
2016-08-11,20892.1408788,24,6766850.0,0.973424,1162530.0,0.0,19,132.230102016,
2016-08-12,10738.5586322,24,6690020.0,0.962372,912390.0,0.0,24,29.9358543263,
2016-08-13,245852.595094,41,6687830.0,0.962058,593801.0,0.0,24,191.930571,
2016-08-14,254162.069558,49,6951580.0,0.999999,1274390.0,0.0,22,1999.998,
2016-08-15,898115.408834,42,6951580.0,0.999999,1680290.0,0.0,34,1475.74852425,
2016-08-16,1913437.95635,82,6951580.0,0.999999,2197340.0,0.0,60,352.943499926,
2016-08-17,2026805.69324,89,6951590.0,1.0,2394770.0,0.0,43,626.14604231,
2016-08-18,406102.104133,45,6951590.0,1.0,849307.0,0.0,33,500.0,
2016-08-19,804660.033617,54,6951590.0,1.0,1258110.0,0.0,34,644.5,
2016-08-20,267162.567198,48,6951590.0,1.0,603297.0,0.0,33,762.32035114,
2016-08-21,202482.280984,35,6951590.0,1.0,281378.0,0.0,26,591.9950075,
2016-08-22,143971.207886,43,6951590.0,1.0,1041420.0,0.0,33,350.5634535,
2016-08-23,815089.472499,49,6951590.0,1.0,1240630.0,0.0,39,999.49548204,
2016-08-24,280311.104839,34,6951590.0,1.0,546685.0,0.0,30,509.98174936,
2016-08-25,580307.174517,53,6951590.0,1.0,965926.0,0.0,45,995.07053458,
2016-08-26,386643.675235,42,6951590.0,1.0,731230.0,0.0,30,1068.28708089,
2016-08-27,13952.4563432,12,6951590.0,1.0,555019.0,0.0,15,251.3769522,
2016-08-28,33582.8863459,15,6951590.0,1.0,1215110.0,0.0,15,284.5,
2016-08-29,192047.161213,34,6951590.0,1.0,1591130.0,0.0,26,980.44040768,
2016-08-30,401356.265363,65,6951590.0,1.0,1062640.0,0.0,48,500.0,
2016-08-31,120662.104561,20,6951590.0,1.0,908476.0,0.0,19,1960.07030308,
2016-09-01,150354.697233,42,6951590.0,1.0,838378.0,0.0,19,975.0,
2016-09-02,507450.490904,39,6951590.0,1.0,1472930.0,0.0,26,570.05000451,
2016-09-03,358873.042531,40,6951590.0,1.0,2641030.0,0.0,17,719.875,
2016-09-04,446081.521099,62,6951590.0,1.0,1248710.0,0.0,33,417.27519736,
2016-09-05,469130.539114,45,6951590.0,1.0,1536980.0,0.0,20,6678.73,
2016-09-06,630700.866868,48,6951590.0,1.0,1149260.0,0.0,31,3690.0,
2016-09-07,877518.491988,64,6951590.0,1.0,1727020.0,0.0,31,3579.41,
2016-09-08,328061.196902,50,6951590.0,1.0,960491.0,0.0,26,3509.72,
2016-09-09,177494.661774,19,6951590.0,1.0,592391.0,0.0,18,116.01,
2016-09-10,86620.0549007,15,6951590.0,1.0,301128.0,0.0,14,116.29,
2016-09-11,322707.752652,33,6951590.0,1.0,968191.0,0.0,17,3000.89,
2016-09-12,416847.34392,34,6951590.0,1.0,982954.0,0.0,27,621.5,
2016-09-13,834909.713763,50,6956460.0,1.0,1503640.0,0.0,32,5609.5,
2016-09-14,846881.288558,38,6951660.0,1.0,845294.0,0.0,28,5220.315,
2016-09-15,116779.021497,32,6951590.0,1.0,774746.0,0.0,26,49.9,
2016-09-16,253301.126645,64,6951540.0,0.999993,719125.0,0.0,44,72.16949481,
2016-09-17,42069.4031761,47,6951580.0,0.999999,243461.0,0.0,38,30.04996995,
2016-09-18,175155.826792,21,6951580.0,0.999999,579543.0,0.0,16,74.50992549,
2016-09-19,110305.301162,29,6951060.0,0.999923,518342.0,0.0,30,268.576903286,
2016-09-20,3822360.58498,70,6951580.0,0.999999,1590290.0,0.0,46,7999.992,
2016-09-21,448903.420444,38,6951580.0,0.999999,1023360.0,0.0,22,6281.34371865,
2016-09-22,301588.051029,34,6951510.0,0.999989,748610.0,0.0,24,5060.66300852,
2016-09-23,122506.948271,25,6951580.0,0.999999,907263.0,0.0,22,999.999,
2016-09-24,166972.235788,23,6951580.0,0.999999,273642.0,0.0,14,2624.4973755,
2016-09-25,126531.562385,28,6951580.0,0.999999,204381.0,0.0,16,1749.99825,
2016-09-26,155046.384391,30,6951590.0,1.0,479180.0,0.0,27,513.8931026,
2016-09-27,110205.17551,20,6951590.0,1.0,370561.0,0.0,22,170.35007938,
2016-09-28,28548.120519,41,6951590.0,1.0,243485.0,0.0,43,9.48,
2016-09-29,141112.331338,35,6951590.0,1.0,289768.0,0.0,33,1581.24,
2016-09-30,725525.742009,39,6951590.0,1.0,402548.0,0.0,25,3327.54,
2016-10-01,124053.796303,34,6951590.0,1.0,365091.0,0.0,21,2069.0,
2016-10-02,61088.2992589,18,6951590.0,1.0,263174.0,0.0,13,1499.0,
2016-10-03,135432.291512,37,6951580.0,0.999998,335206.0,0.0,30,489.99902,
2016-10-04,339061.324934,43,6951580.0,0.999998,462509.0,0.0,30,499.499001,
2016-10-05,246077.697951,24,6951590.0,1.0,753062.0,0.0,19,5890.06,
2016-10-06,34413.1732971,26,6951590.0,1.0,406883.0,0.0,20,52.49679995,
2016-10-07,240286.21985,33,6951590.0,1.0,501840.0,0.0,30,73.00365883,
2016-10-08,169984.577791,24,6951590.0,1.0,369612.0,0.0,19,616.32,
2016-10-09,8773.31693419,13,6951590.0,1.0,254639.0,0.0,15,615.82,
2016-10-10,249127.149269,29,6951590.0,1.0,346058.0,0.0,26,500.0,
2016-10-11,617247.376717,81,6951590.0,1.0,1153880.0,0.0,40,641.0,
2016-10-12,149886.542572,43,6951590.0,1.0,485002.0,0.0,28,937.5,
2016-10-13,281590.703721,36,6951590.0,1.0,359664.0,0.0,28,600.0,
2016-10-14,121328.193488,58,6951590.0,1.0,233907.0,0.0,30,519.449072,
2016-10-15,221768.476711,21,6951580.0,0.999999,278547.0,0.0,13,2479.99752,
2016-10-16,89077.1577089,23,6951590.0,1.0,292196.0,0.0,19,500.0,
2016-10-17,845856.541015,86,6951590.0,1.0,1045550.0,0.0,34,1969.485,
2016-10-18,132530.760571,31,6951590.0,1.0,321977.0,0.0,19,600.0,
2016-10-19,91700.8533536,24,6951590.0,1.0,410009.0,0.0,16,1565.22215475,
2016-10-20,68548.0876386,40,6951590.0,1.0,205344.0,0.0,36,158.95,
2016-10-21,156126.132473,40,6951590.0,1.0,185916.0,0.0,23,2031.645,
2016-10-22,641644.979718,64,6951590.0,1.0,794533.0,0.0,24,3238.45,
2016-10-23,419311.290478,44,6951590.0,1.0,633006.0,0.0,22,1891.54,
2016-10-24,278984.06077,31,6951590.0,1.0,274414.0,0.0,23,1041.64,
2016-10-25,325607.110226,45,6951590.0,1.0,552686.0,0.0,29,3342.14,
2016-10-26,553422.450826,58,6951590.0,1.0,762026.0,0.0,22,5181.0,
2016-10-27,220142.794159,49,6951590.0,1.0,747629.0,0.0,27,2290.55,
2016-10-28,363180.521338,53,6951590.0,1.0,874147.0,0.0,31,4940.1,
2016-10-29,969977.200395,92,6951590.0,1.0,2077010.0,0.0,42,3783.72,
2016-10-30,912147.831408,48,6951590.0,1.0,1550060.0,0.0,22,4796.885,
2016-10-31,315775.753092,54,6951590.0,1.0,1022220.0,0.0,36,710.0,
2016-11-01,1187979.86826,75,6951590.0,1.0,2244990.0,0.0,42,1000.0,
2016-11-02,1135436.37329,58,6951590.0,1.0,1449000.0,0.0,36,7238.7535,
2016-11-03,1230893.64546,72,6951590.0,1.0,2399930.0,0.0,46,1081.4,
2016-11-04,1104249.17059,48,6951590.0,1.0,1256100.0,0.0,32,1499.635,
2016-11-05,88058.601412,21,6951590.0,1.0,417538.0,0.0,17,140.0,
2016-11-06,402210.953366,37,6951590.0,1.0,931269.0,0.0,29,2.9,
2016-11-07,250753.455694,37,6951590.0,1.0,589834.0,0.0,34,337.07,
2016-11-08,408148.338659,43,6951590.0,1.0,768255.0,0.0,26,979.0,
2016-11-09,909724.647969,107,6951590.0,1.0,1916180.0,0.0,54,1480.21929511,
2016-11-10,164397.907879,21,6951590.0,1.0,481368.0,0.0,22,1500.0,
2016-11-11,241832.085891,31,6951570.0,0.999997,661204.0,0.0,24,52.4998425,
2016-11-12,298418.451279,52,6951590.0,1.0,670202.0,0.0,29,1032.82,
2016-11-13,267095.076677,40,6951590.0,1.0,898023.0,0.0,26,2599.75,
2016-11-14,185531.872756,42,6951590.0,1.0,389749.0,0.0,38,280.5,
2016-11-15,1895003.31897,34,6951590.0,1.0,2252560.0,0.0,33,29.58687975,
2016-11-16,595930.88486,39,6951590.0,1.0,1524490.0,0.0,27,500.0,
2016-11-17,641939.200602,75,6951590.0,1.0,987757.0,0.0,40,1100.0,
2016-11-18,189554.509525,38,6951590.0,1.0,566442.0,0.0,29,164.75,
2016-11-19,198675.838365,27,6951590.0,1.0,444691.0,0.0,15,99.5,
2016-11-20,650636.550961,29,6951590.0,1.0,1149160.0,0.0,12,8862.66,
2016-11-21,2342264.79377,37,6951590.0,1.0,2210850.0,0.0,23,9999.5,
2016-11-22,438765.775369,19,6951590.0,1.0,996653.0,0.0,19,111.0,
2016-11-23,111998.363286,37,6951590.0,1.0,533171.0,0.0,29,76.42504391,
2016-11-24,562604.086054,36,6951590.0,1.0,1157470.0,0.0,27,1138.22,
2016-11-25,188559.785812,64,6951590.0,1.0,447527.0,0.0,38,459.64939428,
2016-11-26,189049.763495,53,6951590.0,1.0,398097.0,0.0,30,1282.75184148,
2016-11-27,195437.517647,25,6951590.0,1.0,369032.0,0.0,19,3785.63,
2016-11-28,1209263.51026,66,6951590.0,1.0,293938.0,0.0,48,372.17,
2016-11-29,281944.883655,43,6951590.0,1.0,602186.0,0.0,36,242.24,
2016-11-30,227075.893934,51,6951590.0,1.0,517118.0,0.0,32,729.77752,
2016-12-01,673208.712518,46,6951590.0,1.0,916660.0,0.0,30,2100.87055916,
2016-12-02,576634.150876,61,6951590.0,1.0,1548020.0,0.0,44,334.90385,
2016-12-03,498971.336526,52,6951590.0,1.0,566210.0,0.0,41,49.45268775,
2016-12-04,190200.488037,39,6951730.0,1.0,338054.0,0.0,30,355.59759269,
2016-12-05,698088.536447,56,6952770.0,1.0,1166450.0,0.0,29,4466.835,
2016-12-06,1135514.5157,65,6951730.0,1.0,2074660.0,0.0,34,7786.45,
2016-12-07,333553.740889,54,6951590.0,1.0,677377.0,0.0,31,1386.56,
2016-12-08,153883.900504,48,6951590.0,1.0,424174.0,0.0,35,500.0,
2016-12-09,76303.032421,37,6951590.0,1.0,257304.0,0.0,31,33.29462683,
2016-12-10,114381.231082,36,6951590.0,1.0,289281.0,0.0,27,89.80119494,
2016-12-11,38142.9081325,33,6951590.0,1.0,419496.0,0.0,29,97.72729023,
2016-12-12,746829.136591,64,6951590.0,1.0,735546.0,0.0,34,4472.17842074,
2016-12-13,1016603.20127,54,6951590.0,1.0,923361.0,0.0,32,4720.21,
2016-12-14,653457.226868,38,6951590.0,1.0,585908.0,0.0,27,760.22225505,
2016-12-15,322969.511943,57,6951590.0,1.0,388753.0,0.0,35,3250.0,
2016-12-16,70805.3952374,33,6951590.0,1.0,207220.0,0.0,24,150.0,
2016-12-17,262478.975782,37,6951800.0,1.0,372542.0,0.0,26,306.18404776,
2016-12-18,304736.196728,40,6951800.0,1.0,430745.0,0.0,32,57.84303092,
2016-12-19,264915.641035,48,6951660.0,1.0,403551.0,0.0,33,498.93,
2016-12-20,71563.676657,54,6951590.0,1.0,412630.0,0.0,41,209.5,
2016-12-21,307184.577082,75,6951590.0,1.0,821307.0,0.0,59,823.04865428,
2016-12-22,673909.074157,110,6951590.0,1.0,1247890.0,0.0,54,782.75,
2016-12-23,1380285.01209,163,6951590.0,1.0,2873180.0,0.0,60,975.0,
2016-12-24,850356.03616,73,6952770.0,1.0,1808220.0,0.0,45,296.457898,
2016-12-25,558647.656883,82,6951660.0,1.0,1911330.0,0.0,35,1232.25,
2016-12-26,1633088.12815,103,6951660.0,1.0,1279530.0,0.0,47,920.0,
2016-12-27,1058557.83676,117,6951660.0,1.0,2108650.0,0.0,54,1350.0,
2016-12-28,1362666.84118,169,6951660.0,1.0,2943940.0,0.0,70,1124.0,
2016-12-29,1937348.65564,159,6951870.0,1.0,2794880.0,0.0,69,1308.74,
2016-12-30,1300972.55139,150,6951730.0,1.0,2515800.0,3000000.0,74,790.22,
2016-12-31,1319673.6119,81,9951790.0,1.0,775440.0,0.0,42,454.08,
2017-01-01,625441.322969,66,9951690.0,1.0,1946000.0,0.0,28,1874.605,
2017-01-02,1106414.3096,154,9951690.0,1.0,3107780.0,0.0,72,1900.0,
2017-01-03,2147113.6,233,9951690.0,1.0,3267910.0,0.0,96,1019.3572,
2017-01-04,5328914.16282,259,9951690.0,1.0,7463910.0,0.0,101,975.0,
2017-01-05,3459536.85931,177,9951690.0,1.0,13406600.0,5000000.0,81,2165.22,
2017-01-06,2994990.15891,219,14951700.0,1.0,7969720.0,0.0,118,892.83127954,
2017-01-07,2032693.89703,196,14951700.0,1.0,5932450.0,0.0,133,43.94,
2017-01-08,1025979.48193,233,14951700.0,1.0,3800480.0,0.0,132,10.27827467,
2017-01-09,956620.413719,73,14951700.0,1.0,2717290.0,0.0,58,314.5,
2017-01-10,869692.942295,113,14951700.0,1.0,1379840.0,0.0,90,129.81157253,
2017-01-11,3580703.68906,145,14951700.0,1.0,9628470.0,0.0,57,10000.0,
2017-01-12,2759969.35264,149,14951700.0,1.0,5552980.0,0.0,72,1991.32,
2017-01-13,893986.422602,130,14951700.0,1.0,2739310.0,0.0,61,198.5689926,
2017-01-14,579035.167331,122,14951700.0,1.0,1533240.0,0.0,46,761.77,
2017-01-15,3509541.99961,83,14952000.0,1.0,1334200.0,0.0,31,1000.0,
2017-01-16,801849.938925,53,14951900.0,1.0,1223000.0,0.0,33,5634.41,
2017-01-17,1680850.69448,207,14951700.0,1.0,4345620.0,0.0,88,571.0,
2017-01-18,1318033.87277,124,14951700.0,1.0,3458060.0,0.0,69,1328.0,
2017-01-19,1566006.35834,135,14951700.0,1.0,2241690.0,0.0,67,5000.0,
2017-01-20,2466027.23982,87,14951700.0,1.0,2085240.0,0.0,49,2351.94,
2017-01-21,1181870.84375,130,14951700.0,1.0,2455610.0,0.0,65,500.0,
2017-01-22,1076128.88274,97,14951700.0,1.0,2629330.0,0.0,48,578.23,
2017-01-23,1740926.72699,100,14951700.0,1.0,2533860.0,0.0,55,2152.82021055,
2017-01-24,1213995.53608,99,14951700.0,1.0,3160230.0,0.0,39,9980.0,
2017-01-25,898603.009935,78,14951700.0,1.0,1565260.0,0.0,52,500.0,
2017-01-26,1042282.75986,126,14951700.0,1.0,1814250.0,0.0,73,777.095,
2017-01-27,660623.075199,99,14951700.0,1.0,1360880.0,0.0,52,931.3,
2017-01-28,1684816.18859,78,14951700.0,1.0,1560910.0,0.0,43,289.41726484,
2017-01-29,1346304.67669,95,14951700.0,1.0,745036.0,0.0,60,432.0,
2017-01-30,278628.035243,79,14951700.0,1.0,681519.0,0.0,47,157.35,
2017-01-31,2218215.14695,104,14956400.0,1.0,2762940.0,10000000.0,58,813.6412608,
2017-02-01,2140046.77472,116,24951500.0,0.999997,3435630.0,0.0,71,467.066334237,
2017-02-02,1923022.07544,111,24951600.0,0.999999,3494060.0,0.0,61,1299.9987,
2017-02-03,1481366.66492,110,24951400.0,0.999994,2994180.0,0.0,61,549.33340199,
2017-02-04,2329358.92977,116,24951500.0,0.999998,2837660.0,0.0,61,488.037268944,
2017-02-05,862575.828447,113,24951600.0,0.999999,2141090.0,0.0,58,287.42971257,
2017-02-06,696338.507852,104,24951600.0,0.999999,1129720.0,0.0,56,760.25923974,
2017-02-07,1165969.00265,106,24951500.0,0.999998,2216310.0,0.0,50,1870.89129476,
2017-02-08,938845.103807,132,24951000.0,0.999999,3003910.0,0.0,68,648.853401376,
2017-02-09,2045423.15544,203,24951000.0,0.999999,8872190.0,0.0,91,999.999,
2017-02-10,864427.699301,119,24951000.0,0.999999,3640970.0,0.0,56,401.4995985,
2017-02-11,651985.845401,61,24951000.0,0.999999,1685670.0,0.0,42,519.99948,
2017-02-12,507765.976634,65,24951000.0,0.999999,1105600.0,0.0,41,100.025107995,
2017-02-13,368160.616602,50,24951000.0,0.999999,1347810.0,0.0,33,499.9995,
2017-02-14,696192.804203,62,24951000.0,1.0,2438910.0,0.0,41,4455.0,
2017-02-15,597543.878617,52,24951000.0,1.0,1654380.0,0.0,31,5000.0,
2017-02-16,346039.175624,63,24995700.0,1.0,1565660.0,0.0,46,150.0,
2017-02-17,1208464.30974,113,24952200.0,1.0,2135320.0,0.0,60,460.7500039,
2017-02-18,1348764.78734,77,24951500.0,1.0,1404980.0,0.0,43,200.30525766,
2017-02-19,239359.912923,67,24951200.0,1.0,1071870.0,0.0,37,345.63,
2017-02-20,551859.25594,77,24948400.0,0.999897,2550470.0,0.0,58,715.70627466,
2017-02-21,3498700.94568,159,24950900.0,0.999997,4595170.0,0.0,81,999.997,
2017-02-22,657055.136052,99,24945300.0,0.999771,1763290.0,0.0,71,254.32519762,
2017-02-23,1400322.5816,141,24950300.0,0.999971,3150010.0,0.0,110,464.40653182,
2017-02-24,3642532.00391,182,24950900.0,0.999997,10607500.0,0.0,87,4999.985,
2017-02-25,548588.89076,100,24950900.0,0.999998,3747980.0,0.0,71,114.499771,
2017-02-26,755796.019809,42,24952000.0,1.0,2280940.0,0.0,35,817.69201003,
2017-02-27,277114.832416,60,24951200.0,1.0,3063750.0,0.0,46,381.97137761,
2017-02-28,2894897.90275,78,24952700.0,1.0,5557310.0,0.0,48,5000.0,
2017-03-01,8678620.60757,176,24950300.0,0.999972,11999700.0,0.0,92,2745.83311452,
2017-03-02,4439313.72663,283,24951000.0,0.999999,14420000.0,0.0,140,1367.4986325,
2017-03-03,6008168.22095,226,24951000.0,1.0,12268600.0,0.0,116,1999.5,
2017-03-04,1738203.57813,129,24951000.0,1.0,6427490.0,0.0,66,1114.0,
2017-03-05,4076927.8496,145,24951200.0,1.0,6111390.0,0.0,83,364.7479422,
2017-03-06,1206689.95396,120,24951200.0,1.0,4261790.0,0.0,73,1000.0,
2017-03-07,6367626.27625,250,24951900.0,1.0,10782500.0,10000000.0,73,8000.0,
2017-03-08,17602912.412,267,34951100.0,1.0,11995300.0,0.0,124,1000.0,
2017-03-09,3220231.66579,184,34950700.0,1.0,9560830.0,0.0,87,1897.90004321,
2017-03-10,3691150.52314,298,34947100.0,0.999905,26308800.0,0.0,114,165.439409133,
2017-03-11,3266947.36212,228,34950100.0,0.999991,15269400.0,0.0,101,65.999406,
2017-03-12,2810392.03446,167,34951800.0,1.0,13039200.0,0.0,84,780.18719838,
2017-03-13,5883873.54862,391,34953200.0,1.0,25101200.0,0.0,152,662.0,
2017-03-14,6714651.88574,477,34951800.0,1.0,13773800.0,0.0,164,0.73519427,
2017-03-15,8039556.79404,418,34951100.0,1.0,20476500.0,0.0,134,299.5,
2017-03-16,10886952.102,578,34950700.0,1.0,39496700.0,0.0,180,199.5,
2017-03-17,21182108.5732,595,34951400.0,1.0,46381300.0,10000000.0,179,2154.31824688,
2017-03-18,11935850.6012,461,44952200.0,1.0,49039900.0,0.0,157,2000.0,
2017-03-19,8516922.1929,335,44952200.0,1.0,33106500.0,0.0,126,1041.89763878,
2017-03-20,2446161.65446,307,44953100.0,1.0,16075100.0,0.0,150,249.5,
2017-03-21,5339943.77499,367,44959900.0,1.0,21556400.0,0.0,150,981.21470074,
2017-03-22,4845776.51521,345,44952200.0,1.0,22713300.0,0.0,147,339.9,
2017-03-23,3289983.98716,258,44952700.0,1.0,12763900.0,0.0,154,201.70276784,
2017-03-24,6338674.00611,372,44954000.0,1.0,33351200.0,0.0,181,1120.21152292,
2017-03-25,5994569.1082,377,44946300.0,0.999898,28141600.0,0.0,167,978.654333175,
2017-03-26,5562594.60516,326,44947000.0,0.999915,16614300.0,0.0,160,858.638383063,
2017-03-27,4198127.66494,271,44951300.0,1.0,19270700.0,0.0,135,728.25,
2017-03-28,2625979.12909,330,44951300.0,1.0,15602800.0,0.0,177,500.5,
2017-03-29,5717460.10019,329,44951300.0,1.0,16816300.0,10000000.0,146,686.3126337,
2017-03-30,28076230.4012,412,54948000.0,0.999948,25009900.0,0.0,197,624.404622241,
2017-03-31,10297680.5912,393,54950000.0,0.999985,34115800.0,0.0,196,599.4910075,
2017-04-01,3105696.95407,315,54952000.0,1.0,15118800.0,0.0,154,538.72,
2017-04-02,8867676.36103,437,54927900.0,0.999582,45911500.0,0.0,191,1247.93814372,
2017-04-03,8989699.69011,473,55003100.0,1.0,42028500.0,0.0,207,1000.0,
2017-04-04,5884069.89707,398,54938300.0,0.999771,26434800.0,0.0,186,999.2711145,
2017-04-05,11382935.1684,400,54952500.0,1.0,26734200.0,0.0,247,1000.0,
2017-04-06,5337083.46098,510,54957500.0,1.0,33731600.0,0.0,229,700.0,
2017-04-07,9422049.30303,515,54947400.0,0.999937,21336300.0,0.0,248,1098.930763,
2017-04-08,3085124.64512,257,54943900.0,0.999874,14282200.0,0.0,129,778.734774184,
2017-04-09,12994571.9946,271,54935200.0,0.999714,18951900.0,0.0,147,999.714,
2017-04-10,4590972.54341,379,54948700.0,0.99996,12279500.0,0.0,197,531.80122586,
2017-04-11,5174990.61292,380,54947200.0,0.999934,12213800.0,0.0,194,896.0408574,
2017-04-12,7090511.94177,406,54942200.0,0.999842,20964000.0,0.0,194,730.160109972,
2017-04-13,8092487.4863,490,50721300.0,0.999558,24018200.0,0.0,266,650.401424119,
2017-04-14,4681966.74053,404,50724400.0,0.999618,14768200.0,0.0,209,434.757859032,
2017-04-15,6700510.00155,390,50694600.0,0.999031,14030700.0,0.0,224,333.488565603,
2017-04-16,2042297.53283,278,50740700.0,0.999939,7208670.0,0.0,162,189.98841,
2017-04-17,8544711.31183,563,50715100.0,0.999435,17280800.0,0.0,290,349.3025325,
2017-04-18,12789727.9961,924,50707900.0,0.999294,26367700.0,10000000.0,474,452.013482313,
2017-04-19,8145594.63221,675,60720500.0,0.999617,18244800.0,0.0,362,399.3469915,
2017-04-20,5383921.93475,657,54798700.0,0.999525,20548000.0,0.0,358,445.2883875,
2017-04-21,7564047.3693,715,54688500.0,0.998269,15935100.0,0.0,416,317.449542,
2017-04-22,5419066.55085,613,53866300.0,0.984,14711900.0,0.0,337,196.308,
2017-04-23,5302840.1984,621,51488800.0,0.940741,17298600.0,0.0,337,363.9726929,
2017-04-24,4778127.56287,534,50423200.0,0.921308,15265400.0,0.0,286,228.787467439,
2017-04-25,15133696.6729,539,50230200.0,0.917876,12707000.0,0.0,306,374.447979591,
2017-04-26,7899370.47792,600,59154900.0,0.913539,18772400.0,0.0,342,238.906267661,
2017-04-27,9029687.04189,581,57277700.0,0.921049,24062800.0,0.0,346,248.68323,
2017-04-28,10922495.6233,538,57450300.0,0.924343,26494600.0,0.0,301,403.57317423,
2017-04-29,6279077.33591,448,58065900.0,0.934557,26533600.0,0.0,260,372.888243,
2017-04-30,5077408.7237,374,59055700.0,0.937189,23739900.0,0.0,184,499.017484061,
2017-05-01,8577705.71972,498,59034000.0,0.936855,44582500.0,0.0,239,956.976900508,
2017-05-02,3001330.65491,485,58977000.0,0.935857,22268100.0,0.0,267,339.345706847,
2017-05-03,5041010.90091,575,58811700.0,0.932612,33500300.0,0.0,272,240.032920253,
2017-05-04,13016980.5055,861,57343000.0,0.933356,56022400.0,0.0,420,447.79620812,
2017-05-05,15967144.6749,840,59031900.0,0.945975,69583296.0,0.0,343,640.853996847,
2017-05-06,11869610.1034,549,59636700.0,0.955667,44047300.0,0.0,276,569.059656339,
2017-05-07,8313594.31366,672,60446200.0,0.968638,72995504.0,0.0,384,484.319,
2017-05-08,7085905.72475,621,60466400.0,0.968962,85211504.0,0.0,326,356.933793741,
2017-05-09,25307307.1402,553,60360500.0,0.967255,62186400.0,0.0,289,482.660245,
2017-05-10,9007520.95651,563,60558100.0,0.970483,45884200.0,0.0,284,430.894452,
2017-05-11,8462908.05936,486,61137000.0,0.97982,46800700.0,0.0,233,1207.70483092,
2017-05-12,12211247.8883,616,60842400.0,0.975099,42850000.0,0.0,319,587.860249688,
2017-05-13,5358207.47546,528,61232700.0,0.981353,28873700.0,0.0,271,574.7784521,
2017-05-14,5698705.40183,339,60697400.0,0.972775,23922200.0,0.0,182,898.8441,
2017-05-15,8456139.04198,528,61184200.0,0.980577,37380700.0,0.0,248,946.685722608,
2017-05-16,2961567.38016,228,60565400.0,0.970698,53097800.0,0.0,112,702.785352,
2017-05-17,3517043.08615,341,59461300.0,0.952963,60057700.0,0.0,237,381.1852,
2017-05-18,4999806.13827,376,59972000.0,0.961148,44705600.0,0.0,250,720.181564479,
2017-05-19,3978087.64941,560,60352400.0,0.967244,53721400.0,0.0,367,483.622,
2017-05-20,6282395.18451,608,62321400.0,0.998833,42299800.0,0.0,361,998.3335835,
2017-05-21,3095155.06237,360,61940800.0,0.992749,46162600.0,0.0,259,496.3745,
2017-05-22,11127334.184,343,62677500.0,1.0,79739904.0,0.0,210,1730.0,
2017-05-23,14376965.1666,647,63297800.0,1.01,59043000.0,0.0,370,705.99,
2017-05-24,13282737.054,724,64798700.0,1.01,87804800.0,10000000.0,503,503.99,
2017-05-25,38306248.9163,776,69488600.0,1.02,144036000.0,10000000.0,362,1135.00717294,
2017-05-26,38027210.7954,702,69907904.0,1.02,125946000.0,20000000.0,308,1677.72882763,
2017-05-27,48127141.2401,1041,99512496.0,1.05,186683008.0,20000000.0,523,1050.0,
2017-05-28,22442097.3696,836,107331000.0,1.02,110026000.0,0.0,429,1018.98,
2017-05-29,19392573.9324,677,109529000.0,1.04,80508896.0,0.0,346,1040.0,
2017-05-30,24868500.1925,1099,107170000.0,1.02,108331000.0,0.0,455,1823.0160248,
2017-05-31,10316054.0584,716,106342000.0,1.01,84739904.0,0.0,355,1194.325,
2017-06-01,15271441.6234,797,108739000.0,1.04,100614000.0,0.0,394,1037.92,
2017-06-02,9129125.19001,603,108350000.0,1.03,49197100.0,0.0,288,1052.829126,
2017-06-03,9254857.01213,591,107827000.0,1.03,43629000.0,0.0,307,1030.0,
2017-06-04,9828051.37748,619,107470000.0,1.02,49194800.0,0.0,340,1020.0,
2017-06-05,10437466.3391,666,106012000.0,1.01,49132500.0,0.0,365,1513.99,
2017-06-06,64287524.3099,1303,106682000.0,1.02,152408000.0,20000000.0,601,1538.493744,
2017-06-07,58130272.3932,783,105220000.0,1.0,97386096.0,0.0,406,1998.0,
2017-06-08,19034448.0764,722,106791000.0,1.02,65560000.0,0.0,427,1236.30962311,
2017-06-09,17645932.8612,807,127906000.0,1.0,58031200.0,0.0,366,2000.0,
2017-06-10,19382154.6619,763,127386000.0,0.999158,80163296.0,0.0,334,1996.317684,
2017-06-11,14192346.6805,615,130666000.0,1.02,84910496.0,0.0,271,2037.96,
2017-06-12,27491608.4589,789,128293000.0,1.01,211119008.0,0.0,378,3529.95,
2017-06-13,34735662.4052,942,131201000.0,1.03,105293000.0,0.0,521,1786.71507711,
2017-06-14,34390523.4791,756,128630000.0,1.01,139975008.0,0.0,370,2661.90454624,
2017-06-15,64168384.4137,1023,131306000.0,1.03,243107008.0,0.0,398,3605.0,
2017-06-16,27757231.0792,968,129124000.0,1.01,109032000.0,20000000.0,493,2017.98,
2017-06-17,18075328.3703,552,130158000.0,1.02,104554000.0,0.0,289,2037.96,
2017-06-18,12900534.4475,568,126050000.0,0.988674,114519000.0,0.0,268,1975.370652,
2017-06-19,25026433.9886,930,127821000.0,1.0,75733696.0,0.0,547,1000.0,
2017-06-20,10642351.5534,909,125729000.0,0.986156,88767296.0,0.0,602,852.738264451,
2017-06-21,33701396.2772,724,141088992.0,0.975087,108254000.0,0.0,372,1422.49981943,
2017-06-22,26576224.2678,982,141969856.0,0.981174,63105300.0,0.0,635,963.022281,
2017-06-23,25797867.2281,690,140714112.0,0.972496,41182300.0,0.0,335,1135.71861841,
2017-06-24,30534297.1055,543,145581616.0,1.01,79286600.0,20000000.0,251,3024.95,
2017-06-25,31581663.2574,762,147510144.0,1.02,102005000.0,0.0,334,2037.96,
2017-06-26,74504633.2779,1183,146479872.0,1.01,195886000.0,30000000.0,442,2017.98,
2017-06-27,77250968.1105,1068,146155648.0,1.01,171804992.0,30000000.0,430,2019.2425,
2017-06-28,31038479.2239,779,146266672.0,1.01,128750000.0,0.0,374,2017.98,
2017-06-29,18198414.3896,630,146484464.0,1.01,101103000.0,0.0,313,1987.72820856,
2017-06-30,33532970.7552,775,218616192.0,1.02,72550400.0,0.0,452,1244.4,
2017-07-01,27975514.254,759,217215408.0,1.01,82133800.0,0.0,293,2017.98,
2017-07-02,21746822.7365,754,219180432.0,1.02,76519200.0,0.0,331,2034.9,
2017-07-03,25190602.4028,718,223016704.0,1.01,87514200.0,0.0,337,2017.98,
2017-07-04,24844540.0254,785,219892848.0,0.999601,87707904.0,0.0,361,1997.202798,
2017-07-05,14949513.9111,486,220125888.0,1.0,66727600.0,0.0,275,2354.9766,
2017-07-06,16823738.136,991,219086608.0,0.995936,44331000.0,0.0,510,1488.92432,
2017-07-07,23268511.2315,714,220508816.0,1.0,84663200.0,0.0,318,1848.94605867,
2017-07-08,17015512.0622,609,221836720.0,1.01,62607300.0,0.0,290,1314.01,
2017-07-09,14667015.7407,478,219893504.0,0.999601,45640800.0,0.0,217,1997.202798,
2017-07-10,58482731.0088,870,221114096.0,1.01,132682000.0,0.0,424,2017.98,
2017-07-11,52695201.3554,1102,239198384.0,1.02,173424000.0,30000000.0,495,2038.98,
2017-07-12,61544873.6339,805,260928816.0,1.01,131420000.0,0.0,461,1812.3844,
2017-07-13,57867636.063,1011,268892256.0,0.999669,104236000.0,25000000.0,565,1627.32083367,
2017-07-14,18662421.4616,727,289634624.0,1.0,93146704.0,0.0,434,1125.58840209,
2017-07-15,32377464.8441,937,290061056.0,1.0,125229000.0,0.0,529,1236.22054658,
2017-07-16,28322342.893,973,295162368.0,1.0,177914000.0,0.0,498,1386.85799993,
2017-07-17,29800290.2788,908,291008736.0,0.988208,171476000.0,0.0,522,1331.85824174,
2017-07-18,42000627.1795,1284,293035072.0,0.995021,238396000.0,25000000.0,741,998.006063,
2017-07-19,27054244.5719,966,309942048.0,1.0,199312000.0,0.0,527,1170.4269,
2017-07-20,36591798.7857,1130,306709536.0,0.99098,278993984.0,0.0,621,1293.76177355,
2017-07-21,44772124.6213,1458,319065408.0,0.998636,168919008.0,0.0,815,1020.60820947,
2017-07-22,35431399.0004,1362,319377280.0,0.999612,131558000.0,0.0,843,847.701721876,
2017-07-23,26082095.1878,524,317831296.0,0.994773,114229000.0,0.0,334,1119.96449069,
2017-07-24,20336526.3571,722,319475360.0,0.999919,75766896.0,0.0,457,994.919405,
2017-07-25,32432341.4114,1089,317675040.0,0.994284,220992000.0,0.0,612,994.284,
2017-07-26,18463064.6011,963,319068416.0,0.998645,111957000.0,0.0,541,996.64771,
2017-07-27,19715507.8503,916,319130336.0,0.998839,79850000.0,0.0,481,1196.609122,
2017-07-28,61925840.7411,1200,318242336.0,0.99606,116290000.0,0.0,626,1350.59313266,
2017-07-29,25754377.2374,1311,319422912.0,0.999755,73768304.0,0.0,785,988.2578175,
2017-07-30,19207786.5801,896,318471136.0,0.996776,60213000.0,0.0,443,1274.38801591,
2017-07-31,25729250.7417,1385,319511648.0,1.0,75184896.0,0.0,741,1108.0,
2017-08-01,20649860.9734,865,320388192.0,1.0,170044992.0,0.0,483,998.0,
2017-08-02,40500035.2027,2184,318408704.0,0.996581,84592704.0,0.0,1118,498.2905,
2017-08-03,18893315.5854,2342,320322304.0,1.0,57242700.0,0.0,1147,582.1438,
2017-08-04,14913202.2545,1479,309421600.0,0.968452,59432500.0,0.0,780,966.515096,
2017-08-05,30698084.3639,1992,320940416.0,1.0,173138000.0,0.0,989,909.87580288,
2017-08-06,24769157.3307,1601,320093056.0,1.0,103532000.0,0.0,848,995.0,
2017-08-07,39801133.2279,1825,319331072.0,0.999468,110170000.0,0.0,955,703.25566884,
2017-08-08,23694561.9852,2080,317654592.0,0.99422,130482000.0,0.0,1249,607.668220758,
2017-08-09,20765271.9323,1371,319257024.0,0.999236,140568992.0,0.0,755,994.23982,
2017-08-10,15747723.0545,1429,319117600.0,0.998799,91695000.0,0.0,799,890.928708,
2017-08-11,49542362.5473,2346,318426208.0,0.996635,111829000.0,0.0,1211,989.011612611,
2017-08-12,25754868.5994,1592,319784512.0,1.0,130896000.0,0.0,791,984.06586901,
2017-08-13,48087089.374,2022,319661280.0,1.0,198568992.0,0.0,1002,1000.0,
2017-08-14,28312218.2326,1925,318121664.0,0.995682,125445000.0,0.0,993,990.70359,
2017-08-15,49543313.5157,1927,319616608.0,1.0,213099008.0,0.0,897,1898.0,
2017-08-16,27437211.2944,1323,319170080.0,0.998963,121473000.0,0.0,699,998.963,
2017-08-17,48578035.3912,1844,319712160.0,1.0,166152000.0,0.0,962,1000.0,
2017-08-18,35818962.0877,1795,322034592.0,1.01,255272000.0,0.0,867,1515.0,
2017-08-19,48159289.936,1356,322030368.0,1.01,281632992.0,0.0,726,1655.39,
2017-08-20,25147646.3868,1150,318596320.0,0.997167,133754000.0,0.0,631,689.87004561,
2017-08-21,28047101.6689,1568,319353664.0,0.999538,208830000.0,0.0,809,891.587896,
2017-08-22,40721311.0619,1593,319888224.0,1.0,241915008.0,0.0,850,1000.0,
2017-08-23,27729187.0425,1378,320871552.0,1.0,195159008.0,0.0,793,1000.0,
2017-08-24,19277262.7039,1137,319287936.0,0.999332,132330000.0,0.0,637,747.500336,
2017-08-25,33453379.4489,1422,321015424.0,1.0,116308000.0,0.0,819,998.0,
2017-08-26,12666758.7709,612,320776064.0,1.0,98081296.0,0.0,381,993.8,
2017-08-27,18979496.3673,1092,319542624.0,1.0,104722000.0,0.0,582,642.88109985,
2017-08-28,19423837.4095,828,320279232.0,1.0,130785000.0,0.0,488,998.0,
2017-08-29,27658852.3754,1542,320306528.0,1.0,132123000.0,0.0,822,998.0,
2017-08-30,27893261.2431,1575,320041376.0,1.0,114992000.0,0.0,897,978.83545755,
2017-08-31,20165150.1157,1498,319518400.0,1.0,109217000.0,0.0,800,700.0,
2017-09-01,69590517.5311,2047,320792480.0,1.0,199664000.0,0.0,991,1000.0,
2017-09-02,88862155.0744,2595,320965888.0,1.0,345971008.0,20000000.0,1209,1469.85173208,
2017-09-03,63972810.7737,1520,348835808.0,1.01,188687008.0,25000000.0,788,1513.90276587,
2017-09-04,110428151.828,2944,364942624.0,1.0,375472992.0,0.0,1389,1623.5,
2017-09-05,82425416.0327,2852,379945248.0,1.03,271614016.0,25000000.0,1480,1184.5,
2017-09-06,35137177.0738,1915,387469120.0,1.01,192688992.0,0.0,985,1010.0,
2017-09-07,57558005.7537,2085,386679360.0,1.0,166452992.0,25000000.0,1059,996.0,
2017-09-08,87898719.2632,2414,394388160.0,1.0,319590016.0,0.0,1153,1246.92106781,
2017-09-09,52749019.2087,2072,398820000.0,1.01,119580000.0,0.0,1164,959.5,
2017-09-10,43527786.507,2017,405081600.0,1.0,163772992.0,0.0,1045,800.0,
2017-09-11,40377007.7416,1713,405354848.0,1.0,125845000.0,0.0,877,1000.0,
2017-09-12,130977947.418,1921,404210368.0,1.0,162774000.0,0.0,1053,901.85008334,
2017-09-13,76661299.8252,2391,404357536.0,1.0,257404000.0,0.0,1170,1496.0,
2017-09-14,69387972.6646,2342,414813344.0,1.0,356495008.0,25000000.0,1165,1128.6265,
2017-09-15,143985461.005,3440,420282688.0,1.0,540294976.0,0.0,1671,1239.53932962,
2017-09-16,53723108.0444,2073,443607200.0,1.0,233444992.0,0.0,1076,1099.0,
2017-09-17,23780306.096,1131,445726240.0,1.01,119083000.0,0.0,583,1010.0,
2017-09-18,49870102.7044,1691,443461248.0,1.0,214648000.0,0.0,855,1314.0,
2017-09-19,43845243.7285,1609,443240192.0,1.0,163298000.0,0.0,865,1000.0,
2017-09-20,26912233.3548,1592,444391968.0,1.0,137763008.0,0.0,937,1000.0,
2017-09-21,52553138.1346,1855,441350976.0,0.997446,231706000.0,0.0,880,1411.37144365,
2017-09-22,28167946.0545,1326,444763104.0,1.01,164432000.0,0.0,713,1005.96,
2017-09-23,19756691.5749,827,442840448.0,1.0,118296000.0,0.0,466,1230.0,
2017-09-24,13056900.2166,847,443271712.0,1.0,91337904.0,0.0,495,750.0,
2017-09-25,28879784.4604,1372,443878912.0,1.0,160336992.0,0.0,783,863.0,
2017-09-26,40241820.8932,1395,442851040.0,1.0,103839000.0,0.0,849,900.0,
2017-09-27,40031588.9078,2228,427608960.0,1.0,201224000.0,0.0,1293,998.0,
2017-09-28,45172075.0275,2243,427100352.0,1.0,232499008.0,0.0,1218,955.0,
2017-09-29,48419973.8382,1714,426359936.0,0.998357,205406000.0,0.0,917,1518.80604729,
2017-09-30,19408169.684,1365,437243808.0,1.0,117411000.0,0.0,778,1000.0,
2017-10-01,23034694.7345,1050,435866656.0,0.997266,103007000.0,0.0,610,997.266,
2017-10-02,31449266.6528,1566,436225792.0,0.998088,126009000.0,0.0,858,993.09756,
2017-10-03,24464380.6229,1438,437885344.0,1.0,137567008.0,0.0,770,1020.87396475,
2017-10-04,28766448.2481,1257,437896448.0,1.0,114903000.0,0.0,667,1275.0,
2017-10-05,32977025.0279,1590,437179488.0,1.0,119952000.0,0.0,973,1000.0,
2017-10-06,26500684.9729,1559,437245376.0,1.0,92153696.0,0.0,1044,1333.0,
2017-10-07,20574766.7036,982,436881568.0,0.999588,89544096.0,0.0,617,598.229337375,
2017-10-08,16763802.1363,1106,436235360.0,0.99811,123005000.0,0.0,624,848.727669464,
2017-10-09,40507327.6719,1464,436579296.0,0.998897,178567008.0,0.0,812,990.905824,
2017-10-10,23403209.6434,1436,437229504.0,1.0,137687008.0,0.0,812,902.0,
2017-10-11,12873742.8661,1228,436170688.0,0.997962,85384600.0,0.0,708,798.3696,
2017-10-12,33133201.8618,1542,436993056.0,0.999843,216202000.0,0.0,798,997.843314,
2017-10-13,38275894.7747,1896,437101024.0,1.0,319484992.0,0.0,970,942.60312516,
2017-10-14,32243290.1661,1530,437279296.0,1.0,139468000.0,0.0,919,650.0,
2017-10-15,24783653.6499,1304,437236576.0,1.0,209190000.0,0.0,680,1000.0,
2017-10-16,44151360.4272,1627,436187424.0,0.998,204158000.0,0.0,925,658.68,
2017-10-17,45063986.7518,2278,436297696.0,0.998252,216808000.0,0.0,1265,1176.84966875,
2017-10-18,28912119.8992,1825,436600992.0,0.998946,253904000.0,0.0,973,998.946,
2017-10-19,34505080.0681,1579,438120224.0,1.0,150674000.0,0.0,826,1200.0,
2017-10-20,58210691.6934,1832,437495936.0,1.0,185163008.0,0.0,1006,1126.75,
2017-10-21,30173874.7823,1330,437391264.0,1.0,171818000.0,0.0,754,1180.0,
2017-10-22,45108191.5975,1156,437025984.0,0.99992,166215008.0,0.0,596,998.92008,
2017-10-23,56047106.1699,2021,437656160.0,1.0,203487008.0,0.0,1000,1210.0,
2017-10-24,56274629.2148,2655,434706016.0,0.994611,257372000.0,0.0,1422,994.611,
2017-10-25,37275064.4453,1856,438041504.0,1.0,171432992.0,0.0,993,1000.0,
2017-10-26,26828432.2318,1652,438063104.0,1.0,162258000.0,0.0,915,1000.0,
2017-10-27,27940497.3228,1370,437024768.0,0.999916,144634000.0,0.0,802,999.916,
2017-10-28,30793042.0119,1106,436990944.0,0.999838,120414000.0,25000000.0,679,994.83881,
2017-10-29,83697105.2884,1969,438159648.0,1.0,618257024.0,0.0,1134,1078.0,
2017-10-30,30288148.0608,1770,452540480.0,1.0,169424992.0,0.0,993,1000.0,
2017-10-31,30927012.988,1781,451305344.0,0.998327,184182000.0,0.0,1052,998.327,
2017-11-01,50655049.5621,2345,452561280.0,1.0,246324000.0,0.0,1306,1300.0,
2017-11-02,72088881.1731,3317,451995072.0,0.999853,425129984.0,0.0,1540,1944.714085,
2017-11-03,93853104.6782,2265,451638208.0,0.999063,358886016.0,25048400.0,1268,1524.57029431,
2017-11-04,82656442.1401,2497,489255200.0,1.0,285312000.0,0.0,1376,1047.5,
2017-11-05,19434121.7642,2122,494443680.0,1.0,234616000.0,0.0,1335,935.28069688,
2017-11-06,41444396.3815,2185,495238080.0,1.0,308963008.0,0.0,1305,922.16,
2017-11-07,56811907.3982,3079,494003232.0,0.999882,255132992.0,20000000.0,2002,780.907842,
2017-11-08,79489097.752,3206,516369760.0,1.0,526848992.0,20000000.0,1928,995.0,
2017-11-09,73910838.7246,3748,499434112.0,1.01,358188000.0,0.0,2278,1010.0,
2017-11-10,143432561.605,3225,537533952.0,1.01,756446016.0,30000000.0,1673,1156.19338376,
2017-11-11,75012940.4116,1548,567436416.0,1.01,746227968.0,30000000.0,987,1115.67766739,
2017-11-12,17312779.9707,1088,597637632.0,1.01,1466060032.0,0.0,830,1531.51836686,
2017-11-13,102716949.665,3534,596721856.0,1.0,767884032.0,0.0,2390,980.97078891,
2017-11-14,49843519.7218,2608,597132032.0,1.01,429857984.0,0.0,1678,909.0,
2017-11-15,54892935.7237,2575,596737536.0,1.0,449671008.0,0.0,1651,1000.0,
2017-11-16,123092988.077,4266,597473152.0,1.01,650278976.0,20000000.0,2545,969.6,
2017-11-17,85175457.2979,3214,611413376.0,0.995758,639398016.0,60000000.0,1953,1121.87280626,
2017-11-18,63255379.1318,2847,644434624.0,1.0,588136000.0,0.0,1708,1300.0,
2017-11-19,120294043.069,3049,645544960.0,1.0,485752992.0,0.0,1880,1000.0,
2017-11-20,50600923.5791,3399,675897280.0,1.0,449595008.0,0.0,1986,1015.0,
2017-11-21,93165090.9401,2601,677308224.0,1.0,622649024.0,0.0,1638,1310.41,
2017-11-22,49049510.7894,1457,673230464.0,0.997427,499812000.0,0.0,774,1246.78375,
2017-11-23,56036579.6573,1709,674061184.0,0.998658,735883008.0,0.0,933,1075.554666,
2017-11-24,100305476.184,3335,677757824.0,1.0,848627968.0,0.0,1764,1500.0,
2017-11-25,51287854.4616,3186,676530368.0,1.0,651987968.0,0.0,1932,1227.65205,
2017-11-26,68099500.1616,3031,677815040.0,1.0,636451968.0,20001000.0,1801,1395.1209,
2017-11-27,130722519.51,3837,679525056.0,1.01,784436992.0,30000000.0,2207,1242.3,
2017-11-28,128761818.924,4972,676908032.0,1.0,794764032.0,45000000.0,2956,1404.29865293,
2017-11-29,178431328.472,4867,675057728.0,1.0,1672120064.0,24999000.0,2634,1681.75,
2017-11-30,198601875.375,5207,741867712.0,1.0,1043969984.0,0.0,2904,2102.0,
2017-12-01,83909111.8526,3584,769515648.0,1.01,749395968.0,25000000.0,2038,1491.77,
2017-12-02,189342262.124,4965,770857920.0,1.01,679950016.0,25000000.0,3283,1467.253159,
2017-12-03,159480589.676,4218,814847488.0,1.0,946748992.0,0.0,2652,995.0,
2017-12-04,84258449.8762,4158,816012096.0,1.0,668510016.0,0.0,2452,1049.83,
2017-12-05,108637518.548,4573,816872000.0,1.0,814145984.0,0.0,2724,1111.7804897,
2017-12-06,170323886.506,5275,813821696.0,0.99976,1281490048.0,0.0,3128,1197.71248,
2017-12-07,136491797.621,5971,819774912.0,1.01,1671609984.0,0.0,3691,2104.97736,
2017-12-08,108643172.899,3610,843586880.0,1.04,1993030016.0,0.0,2400,1678.677312,
2017-12-09,170199435.9,4283,830770624.0,1.02,1598909952.0,0.0,2582,1100.58,
2017-12-10,160807940.716,3932,831977600.0,1.02,1649500032.0,0.0,2426,1271.47891467,
2017-12-11,133343090.451,4638,824372928.0,1.01,1542119936.0,25000000.0,2862,1400.5492745,
2017-12-12,81526228.5483,6655,854806080.0,1.02,2240839936.0,0.0,3782,1215.84,
2017-12-13,278880325.584,5945,906934528.0,1.08,2198139904.0,50000000.0,3721,1290.11206356,
2017-12-14,390390003.449,6895,912768000.0,1.03,2336179968.0,130000000.0,3919,1151.575741,
2017-12-15,224522074.103,7299,1029020224.0,1.01,2044499968.0,0.0,4396,1433.19,
2017-12-16,256590011.82,7208,1036707968.0,1.02,1592729984.0,100000000.0,4470,1418.230083,
2017-12-17,220896592.449,9135,1132154368.0,1.01,1931020032.0,0.0,5571,1509.95,
2017-12-18,173350144.966,8631,1130792576.0,1.01,2517230080.0,0.0,5489,1499.85,
2017-12-19,283939892.498,8496,1133706240.0,1.01,3073860096.0,50000000.0,5420,2209.88,
2017-12-20,146611994.066,7300,1178882432.0,1.01,3751790080.0,50000000.0,4645,2014.95,
2017-12-21,242575285.983,5698,1171755648.0,1.0,3106720000.0,0.0,3779,1500.32381235,
2017-12-22,251280933.415,11051,1225820544.0,1.01,4687949824.0,0.0,6389,2165.966513,
2017-12-23,277750388.625,8767,1233177344.0,1.01,2353740032.0,0.0,5295,1994.75,
2017-12-24,279406763.247,5952,1279864320.0,1.05,2611589888.0,0.0,3185,4021.8757425,
2017-12-25,151870608.209,5300,1250340992.0,1.03,1708380032.0,0.0,3187,2044.55,
2017-12-26,262451970.292,6823,1230872192.0,1.01,1854780032.0,0.0,4529,1994.75,
2017-12-27,228820753.6,6212,1223800832.0,1.0,1939949952.0,0.0,4156,1800.0,
2017-12-28,273010602.282,6167,1222126080.0,1.0,2211409920.0,50000000.0,3870,2600.0,
2017-12-29,333344558.722,5976,1281974912.0,1.01,1929090048.0,100000000.0,3860,2020.0,
2017-12-30,290289056.88,6820,1378644736.0,1.01,2711059968.0,0.0,3951,2187.3681605,
2017-12-31,112036824.711,3812,1401350912.0,1.02,1927010048.0,0.0,2390,2014.5,
2018-01-01,129564452.259,4507,1385264256.0,1.01,1685299968.0,0.0,3253,5571.16,
2018-01-02,263433457.532,6998,1375936512.0,1.01,2635859968.0,0.0,4478,2584.7011,
2018-01-03,341173774.227,7921,1377124352.0,1.01,2471689984.0,0.0,5013,2040.94512761,
2018-01-04,498918127.538,11848,1386144640.0,1.01,3200130048.0,100000000.0,7885,4757.4535,
2018-01-05,257743618.75,8008,1470664960.0,1.0,3096620032.0,0.0,5339,1994.375,
2018-01-06,175801134.943,7615,1468496000.0,1.0,2620080128.0,0.0,5350,2500.0,
2018-01-07,152327337.044,6778,1478767744.0,1.01,2338180096.0,0.0,4816,1994.75,
2018-01-08,350021047.566,8014,1475635584.0,1.01,3815749888.0,0.0,5157,2550.56338406,
2018-01-09,270496990.835,7888,1480690432.0,1.01,2766180096.0,0.0,5220,2931.23715,
2018-01-10,313432059.301,7363,1475647488.0,1.01,3189860096.0,0.0,4607,3000.811,
2018-01-11,338281578.933,7090,1468054272.0,0.999976,3841110016.0,0.0,4312,3221.08485202,
2018-01-12,338487170.427,7344,1477266304.0,1.01,2668219904.0,0.0,4546,4588.37153275,
2018-01-13,184991442.396,6957,1474155136.0,1.0,2759879936.0,0.0,4272,3420.75655174,
2018-01-14,289377395.816,6115,1474488576.0,1.0,2960410112.0,50000000.0,3626,4416.0,
2018-01-15,509469087.119,8123,1490686976.0,1.02,2557179904.0,100000000.0,4927,6839.6816528,
2018-01-16,569436476.028,10409,1478028416.0,1.01,5552929792.0,100000000.0,6194,5226.75,
2018-01-17,632516600.888,11005,1671282432.0,1.03,5588839936.0,100000000.0,5915,5347.416598,
2018-01-18,820469610.008,10705,1646024832.0,1.02,4302300160.0,100000000.0,5588,7557.10613388,
2018-01-19,464389542.81,7545,1655831936.0,1.02,2876989952.0,100000000.0,4531,5100.0,
2018-01-20,294412085.016,6740,1629409280.0,1.01,2942779904.0,100000000.0,4201,5030.8724851,
2018-01-21,523153952.312,7111,1622821120.0,1.0,3302010112.0,0.0,4399,5792.0,
2018-01-22,268484360.183,7543,1624570880.0,1.0,3274899968.0,0.0,4549,5307.0,
2018-01-23,487824354.378,7911,1624555392.0,1.0,3126830080.0,100000000.0,4824,5144.5146856,
2018-01-24,315052833.343,8065,1619451264.0,1.0,2620630016.0,0.0,4934,5875.4,
2018-01-25,302976146.783,8548,1627038336.0,1.01,2571930112.0,0.0,5059,5608.126,
2018-01-26,377742901.703,8065,1614160768.0,0.997571,2957009920.0,0.0,4793,7731.17525,
2018-01-27,213205719.466,5366,1622632448.0,1.0,2051980032.0,0.0,3180,9238.412,
2018-01-28,441041738.617,7457,1612504576.0,0.996548,2546639872.0,0.0,4227,6194.7416776,
2018-01-29,319968982.119,7024,2251756544.0,0.98844,2031160064.0,0.0,4253,9167.781,
2018-01-30,717658520.224,7179,2275066368.0,0.998672,3108630016.0,0.0,4237,6746.21685687,
2018-01-31,502541362.343,6462,2230371840.0,0.992538,2663930112.0,-30000000.0,4332,3970.152,
2018-02-01,381475718.084,7725,2198423808.0,0.991558,3498899968.0,0.0,4973,4078.278054,
2018-02-02,418455070.453,7392,2186753536.0,0.986294,4785869824.0,0.0,4382,4153.74300591,
2018-02-03,253832266.639,7299,2203996416.0,0.994071,2488529920.0,0.0,5151,3853.60569789,
2018-02-04,223104166.466,7739,2226848256.0,1.0,2504640000.0,0.0,5909,5081.3222909,
2018-02-05,424323865.546,8857,2207815424.0,0.995794,4078980096.0,0.0,5604,3958.28115,
2018-02-06,384143593.768,9607,2169471488.0,0.9785,6247249920.0,0.0,5587,4398.3575,
2018-02-07,277695334.826,6603,2221905664.0,1.0,3307539968.0,0.0,4281,3000.0,
2018-02-08,342075750.866,4225,2205988096.0,0.99497,2466619904.0,0.0,3112,2457.5759,
2018-02-09,170852641.039,3792,2263895552.0,1.02,1631139968.0,0.0,2337,3820.34920533,
2018-02-10,246396133.745,4977,2224852736.0,1.0,2628379904.0,0.0,2826,5000.0,
2018-02-11,253457921.157,3879,2228046592.0,1.0,2431739904.0,0.0,2073,6595.44030717,
2018-02-12,213837154.323,3951,2217608960.0,1.0,2457489920.0,0.0,2292,4347.0,
2018-02-13,159920241.456,3676,2218904320.0,1.0,2226759936.0,0.0,2167,3874.7554,
2018-02-14,173358245.724,3963,2212075776.0,0.997715,3066190080.0,0.0,2331,4674.294775,
2018-02-15,213390497.08,4227,2228322048.0,1.01,3286909952.0,0.0,2418,4775.06573571,
2018-02-16,136119342.59,3909,2228312064.0,1.01,2605819904.0,0.0,2765,2020.0,
2018-02-17,168641570.931,3626,2227641856.0,1.0,2797600000.0,0.0,2099,3307.63571741,
2018-02-18,139038720.953,3361,2227521024.0,1.0,3124179968.0,0.0,2029,3798.0,
2018-02-19,130930893.052,3172,2220089088.0,1.0,2546439936.0,0.0,1907,3074.0,
2018-02-20,198163192.36,3863,2218574848.0,1.0,3126220032.0,0.0,2326,3025.0,
2018-02-21,267847534.988,5523,2229033728.0,1.01,3459830016.0,0.0,2953,4080.4,
2018-02-22,801500150.203,4322,2220534528.0,1.0,2904620032.0,0.0,2451,3677.28576781,
2018-02-23,244155141.109,4551,2235883264.0,1.01,2815280128.0,0.0,2816,2217.08293345,
2018-02-24,243160888.88,3542,2219662080.0,1.0,2417710080.0,0.0,2240,3962.56565912,
2018-02-25,102619010.121,2377,2227758336.0,1.0,1968850048.0,0.0,1581,2210.3,
2018-02-26,190250960.587,6283,2211961600.0,0.997664,2362210048.0,0.0,4824,2823.38912,
2018-02-27,171089780.756,7388,2214207488.0,0.998677,2473019904.0,0.0,5653,2571.593275,
2018-02-28,145495582.369,3722,2224427520.0,1.0,2414230016.0,0.0,2382,2791.6,
2018-03-01,168506870.121,4360,2216801280.0,0.999847,2285570048.0,0.0,2862,2098.0926427,
2018-03-02,164351218.806,3435,2213125120.0,0.998189,2172250112.0,0.0,2064,3398.833545,
2018-03-03,123518128.571,3063,2206604800.0,0.995248,2181489920.0,0.0,1771,2513.62379379,
2018-03-04,118973184.589,2493,2217572864.0,1.0,2133910016.0,0.0,1554,2623.0,
2018-03-05,246768727.082,3609,2211643648.0,0.997521,2227680000.0,0.0,2150,2653.74905275,
2018-03-06,279575695.127,9940,2228314880.0,1.01,2491849984.0,0.0,8440,3737.0,
2018-03-07,294398824.19,16480,2213490432.0,0.998354,3037380096.0,0.0,14715,1878.18099166,
2018-03-08,272498011.794,5394,2220542208.0,1.0,2636689920.0,0.0,3151,3555.72291928,
2018-03-09,338077556.319,6887,2216526848.0,0.999723,3131620096.0,0.0,4207,2702.8511028,
2018-03-10,164877040.692,4061,2211836160.0,0.997607,2218810112.0,0.0,2658,6790.08195755,
2018-03-11,194444873.509,4422,2224830208.0,1.0,2394810112.0,0.0,3184,8699.4281128,
2018-03-12,195616576.395,9180,2217541888.0,1.0,2155559936.0,0.0,7795,864.710349,
2018-03-13,274895331.096,12506,2221213440.0,1.0,1890040064.0,0.0,11103,410.0,
2018-03-14,248779719.583,5874,2209560576.0,0.996581,2151670016.0,0.0,3650,1485.94776632,
2018-03-15,455499650.486,6636,2218615040.0,1.0,2259869952.0,0.0,3569,4028.4,
2018-03-16,318982163.453,4840,2211618048.0,0.997509,1872050048.0,0.0,2879,2691.9775383,
2018-03-17,275038142.59,3661,2220585984.0,1.0,1687920000.0,0.0,2098,2840.92707908,
2018-03-18,342601640.307,5937,2228614400.0,1.01,2639470080.0,0.0,3480,2765.662598,
2018-03-19,513286612.645,7284,2177662464.0,0.982194,2638089984.0,0.0,4094,6284.077212,
2018-03-20,335153513.169,5571,2230491648.0,1.01,2506319872.0,300000000.0,3222,5234.07741978,
2018-03-21,416977640.84,6449,2210352896.0,0.996938,2353890048.0,0.0,4135,7714.9831649,
2018-03-22,638245687.601,5857,2215943680.0,0.99946,2171849984.0,0.0,3867,5997.34494396,
2018-03-23,329169778.099,5500,2285359104.0,0.999221,1995699968.0,0.0,3333,4016.86842,
2018-03-24,125880690.175,4270,2290888192.0,1.0,1785500032.0,0.0,2661,2980.0,
2018-03-25,114475592.142,3842,2287422976.0,1.0,1511320064.0,0.0,2543,2423.05774677,
2018-03-26,260992726.778,5267,2279363584.0,0.9966,2183960064.0,0.0,3022,2981.72781712,
2018-03-27,345059932.052,6407,2292673280.0,1.0,2051079936.0,0.0,4107,1719.9737,
2018-03-28,316454889.362,4700,2292350208.0,1.0,1857049984.0,0.0,2914,2380.78219404,
2018-03-29,275591847.45,5396,2293081088.0,1.0,2486609920.0,0.0,2994,2925.15,
2018-03-30,461237410.219,6846,2277757696.0,0.995897,2596849920.0,0.0,3527,3379.4996202,
2018-03-31,137558566.772,3948,2280312320.0,0.997014,1763719936.0,0.0,2447,1969.10265,
2018-04-01,153496514.03,4292,2277309696.0,0.995702,1832530048.0,0.0,2797,2428.7661035,
2018-04-02,172498000.588,3433,2294764288.0,1.0,1550880000.0,0.0,1956,2110.21669017,
2018-04-03,151372142.846,4040,2281622016.0,0.997587,1753520000.0,0.0,2243,2065.00509,
2018-04-04,289707367.996,4232,2296236032.0,1.0,1772329984.0,0.0,2406,3009.85433432,
2018-04-05,127763175.751,3525,2291818752.0,1.0,1609469952.0,0.0,1909,2100.0,
2018-04-06,105111882.417,3181,2287853312.0,1.0,1257110016.0,0.0,1772,1975.0,
2018-04-07,154342649.406,3044,2291127296.0,1.0,1332259968.0,0.0,1641,2482.6651157,
2018-04-08,105281099.528,5925,2290638080.0,1.0,1090880000.0,0.0,4595,5700.0,
2018-04-09,176401033.801,5804,2281515776.0,0.997541,1678770048.0,0.0,3714,3555.16080965,
2018-04-10,112104478.638,6299,2280170752.0,0.996953,1253949952.0,0.0,4626,2628.965061,
2018-04-11,175570213.006,4305,2281635328.0,0.997593,1741699968.0,0.0,2255,2713.46352756,
2018-04-12,345645336.381,10816,2278925824.0,0.996408,3636590080.0,0.0,7472,1606.03208627,
2018-04-13,327844945.576,11193,2277623040.0,0.995839,3218919936.0,0.0,7204,995.839,
2018-04-14,190676699.035,4976,2291314944.0,1.0,2060220032.0,0.0,2676,2938.23950727,
2018-04-15,140804388.303,4685,2278695680.0,0.996308,2057859968.0,0.0,2484,2949.07168,
2018-04-16,211599040.07,5510,2284588800.0,0.998884,2125180032.0,0.0,2896,2806.4937537,
2018-04-17,186466551.913,5898,2280775936.0,0.997217,2075650048.0,0.0,3044,2705.449721,
2018-04-18,198306407.796,5529,2288648192.0,1.0,2112089984.0,0.0,2883,2149.34,
2018-04-19,181325649.616,6634,2282352640.0,0.997907,2217799936.0,0.0,3547,2353.63811215,
2018-04-20,279573150.106,7788,2281536512.0,0.99755,3458870016.0,0.0,4098,2493.875,
2018-04-21,403101018.871,7526,2280442368.0,0.997071,3570040064.0,0.0,4087,2800.61410413,
2018-04-22,271410734.3,7882,2297004288.0,1.0,3176019968.0,0.0,4338,2715.57150419,
2018-04-23,353379936.923,12022,2276002560.0,0.99513,3075480064.0,0.0,8310,1003.09104,
2018-04-24,358605962.889,13004,2284794368.0,0.998974,5033249792.0,0.0,8204,1517.42652134,
2018-04-25,676602317.385,8856,2298787072.0,1.01,6126580224.0,0.0,4908,2585.89263659,
2018-04-26,359570548.631,8985,2422597632.0,1.0,4206320128.0,0.0,4887,3090.0,
2018-04-27,345178777.095,8818,2422085632.0,1.0,4060179968.0,0.0,4795,2898.98409995,
2018-04-28,619007834.761,27581,2419018496.0,1.0,4066050048.0,0.0,22406,2000.0,
2018-04-29,423246703.064,11583,2414399488.0,0.998866,5167799808.0,0.0,5690,2704.929128,
2018-04-30,336626401.125,9143,2411225600.0,0.997553,4498440192.0,0.0,4297,3268.981181,
2018-05-01,190120793.146,7595,2417739776.0,1.0,3901110016.0,0.0,3764,2880.19525226,
2018-05-02,468948500.684,9341,2418639872.0,1.0,3711889920.0,0.0,4614,2526.05230718,
2018-05-03,463649070.129,11473,2308492032.0,0.996267,4307829760.0,0.0,5673,2988.801,
2018-05-04,578468683.481,10624,2330611456.0,1.01,3844979968.0,0.0,5455,3087.70000763,
2018-05-05,347349861.13,11011,2265890048.0,0.999448,3848780032.0,0.0,5516,2998.344,
2018-05-06,371897437.662,8359,2257858560.0,0.995906,3948859904.0,0.0,4132,3027.53432188,
2018-05-07,625975768.997,9462,2186926336.0,0.995351,4137240064.0,0.0,5063,3583.2636,
2018-05-08,562139160.998,15548,2154433280.0,0.998745,3317769984.0,0.0,10514,1997.7896235,
2018-05-09,649494039.331,8851,2111399296.0,1.0,3236689920.0,0.0,4343,3000.0,
2018-05-10,506609438.789,9402,2105922944.0,0.999422,3430200064.0,0.0,4778,3051.235366,
2018-05-11,508808738.216,11088,2115716480.0,1.0,4733060096.0,0.0,5662,2989.99999995,
2018-05-12,548917907.77,9717,2106613760.0,0.99975,4539990016.0,0.0,4596,3941.846292,
2018-05-13,216180675.202,6157,2208214016.0,1.0,3179099904.0,0.0,3238,2870.5055,
2018-05-14,323700980.301,8743,2211479040.0,1.0,3820280064.0,0.0,4654,3250.0,
2018-05-15,316805467.596,8581,2208327168.0,1.0,3315440128.0,0.0,4400,3226.0,
2018-05-16,521212926.975,10138,2211882240.0,1.0,3238190080.0,0.0,5373,2756.01429797,
2018-05-17,347038197.31,8229,2308562176.0,1.0,3026749952.0,0.0,4307,3000.0,
2018-05-18,760648183.619,9309,2312893696.0,1.0,3051709952.0,250000000.0,5020,3000.9,
2018-05-19,157724456.12,6470,2507663360.0,1.0,2569299968.0,0.0,3634,2877.4,
2018-05-20,156827602.171,5418,2510830592.0,1.0,2610939904.0,0.0,3116,2670.08701216,
2018-05-21,270942016.25,7119,2506117888.0,0.999592,2406449920.0,0.0,3951,2798.8576,
2018-05-22,269025336.918,6433,2514989312.0,1.0,2417590016.0,0.0,3408,3086.8,
2018-05-23,553239407.364,10222,2509060608.0,1.0,3360600064.0,0.0,5832,2686.6880145,
2018-05-24,396919708.189,7888,2510526720.0,1.0,3122710016.0,0.0,4190,3039.39075,
2018-05-25,318328632.116,7017,2505365504.0,0.999292,2375610112.0,0.0,4001,2098.5132,
2018-05-26,121329103.534,5256,2514587648.0,1.0,1872140032.0,0.0,3067,1481.60307296,
2018-05-27,307714416.401,5052,2511545856.0,1.0,1885900032.0,0.0,2631,2560.8566,
2018-05-28,575923263.365,11068,2508579584.0,1.0,2582710016.0,0.0,6940,2990.0,
2018-05-29,421874799.227,9331,2505311744.0,0.99927,3003919872.0,0.0,5042,3585.38076,
2018-05-30,239187330.408,7969,2505854720.0,0.999487,2429060096.0,0.0,4696,1969.51911811,
2018-05-31,300466668.478,8360,2512157952.0,1.0,2613339904.0,0.0,4279,2155.17725,
2018-06-01,283787494.448,7240,2504852992.0,0.999088,2486080000.0,0.0,3699,2807.96492335,
2018-06-02,199065601.617,6549,2507596288.0,1.0,3187569920.0,0.0,3322,2106.03548079,
2018-06-03,181084251.665,6544,2487158272.0,0.99203,2796300032.0,0.0,3532,1984.06,
2018-06-04,276393828.317,7815,2501409792.0,0.997714,2798279936.0,0.0,4116,2283.767346,
2018-06-05,238673352.306,7727,2505292800.0,0.999263,2796069888.0,0.0,4039,2343.3716613,
2018-06-06,282085379.066,8648,2501917952.0,0.997917,2508359936.0,0.0,4341,2531.6787779,
2018-06-07,244320120.581,10076,2505795072.0,0.999463,2554540032.0,0.0,4926,2612.2614619,
2018-06-08,194057003.528,8421,2506991104.0,0.99994,2219579904.0,0.0,4205,2177.4293463,
2018-06-09,199293078.036,8368,2512298240.0,1.0,2006880000.0,0.0,4481,1611.268,
2018-06-10,380814666.424,10911,2530640128.0,1.01,3845029888.0,0.0,5273,2262.4,
2018-06-11,499738185.438,13152,2520418816.0,1.01,2913220096.0,0.0,6636,3401.37574113,
2018-06-12,517747177.044,12930,2517265408.0,1.0,2702340096.0,0.0,5987,2553.63014768,
2018-06-13,670567224.917,15092,2519058176.0,1.0,3056750080.0,0.0,7033,3134.5,
2018-06-14,456676258.805,14278,2512021760.0,1.0,3104209920.0,0.0,7334,2590.66393903,
2018-06-15,472479392.208,12839,2511217920.0,1.0,2376110080.0,0.0,6462,2289.96618,
2018-06-16,230898416.422,9546,2617234944.0,1.0,1797939968.0,0.0,4812,2022.0,
2018-06-17,231780226.89,9724,2619828992.0,1.0,1548390016.0,0.0,4750,2097.76675,
2018-06-18,316673720.651,10973,2615990784.0,1.0,2073910016.0,0.0,5185,2000.0,
2018-06-19,334227385.984,12957,2616600576.0,1.0,2253370112.0,0.0,6953,2641.6859,
2018-06-20,334169670.553,13373,2611605760.0,1.0,2215259904.0,0.0,6903,2000.0,
2018-06-21,312832051.616,14323,2608547072.0,1.0,2017639936.0,0.0,7429,2276.7205,
2018-06-22,442213525.786,14967,2610382848.0,1.0,3747810048.0,0.0,7680,2424.0,
2018-06-23,237459259.298,11563,2610703616.0,1.0,2500859904.0,0.0,5715,1796.0,
2018-06-24,371625571.409,12739,2604208384.0,0.998875,3952620032.0,0.0,6180,2132.598125,
2018-06-25,508999476.406,13827,2619836928.0,1.0,3956019968.0,250000000.0,6981,2256.0,
2018-06-26,303515390.797,11480,2703983616.0,0.998834,2025110016.0,0.0,5804,1991.60507762,
2018-06-27,364153361.907,11184,2713609216.0,1.0,2055360000.0,0.0,5412,2000.0,
2018-06-28,268673087.852,10709,2703953152.0,0.998823,2331049984.0,0.0,5223,1992.651885,
2018-06-29,307027787.793,10878,2696439040.0,0.996047,2482319872.0,0.0,5546,2030.939833,
2018-06-30,269251572.573,11231,2715288832.0,1.0,2540620032.0,0.0,5855,2454.679,
2018-07-01,211461961.214,11991,2699893248.0,0.997323,3653040128.0,0.0,6352,1991.5542987,
2018-07-02,303760185.549,15548,2705521408.0,0.999402,2787729920.0,0.0,8168,2098.7442,
2018-07-03,432166457.689,14256,2700223488.0,0.997445,2786769920.0,0.0,7709,1994.89,
2018-07-04,288936655.712,16058,2704046080.0,0.998857,2638139904.0,0.0,9149,3002.49422201,
2018-07-05,328126196.95,14905,2710307840.0,1.0,3606159872.0,0.0,7934,2051.55897088,
2018-07-06,377551351.897,13423,2726117376.0,1.01,2460250112.0,0.0,6812,2009.9,
2018-07-07,273716156.549,11511,2611572480.0,1.0,2134790016.0,0.0,6285,1676.71,
2018-07-08,191212432.367,11092,2619159040.0,1.0,2142080000.0,0.0,5662,1666.5,
2018-07-09,344758147.088,13980,2619133440.0,1.0,2358560000.0,0.0,7183,1787.75,
2018-07-10,333151839.72,13548,2626198528.0,1.01,2974149888.0,0.0,7022,2523.91135959,
2018-07-11,310416403.684,13935,2609512960.0,1.0,2524790016.0,0.0,7103,2667.0,
2018-07-12,331388401.839,11466,2613084672.0,1.0,2404160000.0,0.0,6089,2051.0,
2018-07-13,240814509.458,11179,2705453824.0,0.999377,2279970048.0,0.0,6408,2173.40476143,
2018-07-14,860232351.933,11149,2713231360.0,1.0,1620770048.0,0.0,6397,2145.9,
2018-07-15,163783982.149,8310,2713583360.0,1.0,1919559936.0,0.0,4458,1800.0,
2018-07-16,288709531.561,11601,2704340992.0,0.998966,2864659968.0,0.0,6085,1999.929932,
2018-07-17,381102058.557,12985,2713393920.0,1.0,3620499968.0,0.0,6818,2028.39973115,
2018-07-18,380531277.322,15572,2705721856.0,0.999476,4082030080.0,0.0,7857,2341.5415574,
2018-07-19,353623742.899,12422,2709333248.0,1.0,3188349952.0,0.0,6369,1994.571,
2018-07-20,400403383.169,11715,2704219392.0,0.998921,3072349952.0,0.0,5768,1997.842,
2018-07-21,159160711.779,8796,2660594688.0,1.0,2164900096.0,0.0,4833,1600.0,
2018-07-22,182721946.054,7657,2660381952.0,1.0,2209939968.0,0.0,4000,1322.0,
2018-07-23,471033675.73,10317,2659345920.0,1.0,2808819968.0,0.0,5062,2481.1199999,
2018-07-24,712129312.08,14013,2601712384.0,0.997918,4417310208.0,0.0,8153,1381.80369248,
2018-07-25,359697811.158,13362,2488015872.0,0.992372,3514560000.0,0.0,6774,1980.4768004,
2018-07-26,365979289.895,11645,2498967040.0,0.99674,2894500096.0,0.0,6382,2486.8663,
2018-07-27,247790803.568,12242,2506019840.0,0.999553,3092310016.0,0.0,7392,1334.84819671,
2018-07-28,164004644.925,8177,2496123904.0,0.995606,2298899968.0,0.0,4715,1966.3716303,
2018-07-29,220882400.037,7312,2498121984.0,0.996403,2404489984.0,0.0,4066,1918.41229048,
2018-07-30,350924070.07,10005,2505427945.0,0.999317,4311410000.0,0.0,5303,2312.33833732,
2018-07-31,518276606.182,11322,2506409448.0,0.999708,3253100000.0,0.0,5864,2315.323728,
2018-08-01,292276964.381,11127,2460207729.0,0.999215,3059190000.0,0.0,6094,2037.12560009,
2018-08-02,320129497.246,9709,2394134850.0,0.998746,2539460000.0,0.0,5518,1894.17787358,
2018-08-03,425716477.182,11727,2420488021.0,1.0,2843800000.0,0.0,6858,1595.0,
2018-08-04,205637160.981,6938,2437593282.0,1.0,2526060000.0,0.0,3830,2091.5,
2018-08-05,126902189.072,8549,2432197417.0,0.997972,2204100000.0,0.0,5803,852.268088,
2018-08-06,221797199.749,9465,2441614795.0,1.0,2336390000.0,0.0,5062,1495.0,
2018-08-07,275872367.524,10400,2435715878.0,0.999416,2942000000.0,0.0,5545,1795.53714633,
2018-08-08,494773486.087,12711,2441134258.0,1.0,3421800000.0,0.0,6552,2248.0623961,
2018-08-09,283227640.446,9348,2408916875.0,1.0,2626630000.0,0.0,5108,1980.0,
2018-08-10,262251185.969,8606,2410359103.0,1.0,2887490000.0,0.0,4441,2154.385,
