date,txVolume(USD),txCount,marketcap(USD),price(USD),exchangeVolume(USD),medianTxValue(USD),fees,medianFee,activeAddresses
2016-06-02,,,0.0,1.33,83734.0,,,,,
2016-06-03,,,0.0,1.29,57721.0,,,,,
2016-06-04,,,0.0,1.09,4912.0,,,,,
2016-06-05,,,0.0,0.587588,41700.0,,,,,
2016-06-06,,,0.0,0.712541,95573.0,,,,,
2016-06-07,,,0.0,0.768551,45932.0,,,,,
2016-06-08,,,0.0,0.836892,56105.0,,,,,
2016-06-09,,,0.0,1.02,27163.0,,,,,
2016-06-10,,,0.0,1.41,63162.0,,,,,
2016-06-11,,,0.0,1.56,34845.0,,,,,
2016-06-12,,,0.0,1.37,40759.0,,,,,
2016-06-13,,,0.0,1.22,79492.0,,,,,
2016-06-14,,,0.0,1.32,51762.0,,,,,
2016-06-15,,,0.0,0.911755,41509.0,,,,,
2016-06-16,,,0.0,0.956326,43879.0,,,,,
2016-06-17,,,0.0,0.930645,42058.0,,,,,
2016-06-18,,,0.0,0.898507,173575.0,,,,,
2016-06-19,,,0.0,0.665885,112349.0,,,,,
2016-06-20,,,0.0,0.604243,1771960.0,,,,,
2016-06-21,,,28920900.0,0.289209,626728.0,,,,,
2016-06-22,,,23025200.0,0.230252,878411.0,,,,,
2016-06-23,,,19137900.0,0.191379,530030.0,,,,,
2016-06-24,,,19998300.0,0.199983,715427.0,,,,,
2016-06-25,,,19349800.0,0.193498,412951.0,,,,,
2016-06-26,,,20478300.0,0.204783,328673.0,,,,,
2016-06-27,,,17000700.0,0.170007,169379.0,,,,,
2016-06-28,,,17410000.0,0.1741,228770.0,,,,,
2016-06-29,,,14656800.0,0.146568,234893.0,,,,,
2016-06-30,,,14323200.0,0.143232,311148.0,,,,,
2016-07-01,,,13927400.0,0.139274,233053.0,,,,,
2016-07-02,,,14497500.0,0.144975,261410.0,,,,,
2016-07-03,,,18074600.0,0.180746,334447.0,,,,,
2016-07-04,,,19283400.0,0.192834,301807.0,,,,,
2016-07-05,,,22530900.0,0.225309,225635.0,,,,,
2016-07-06,,,21995000.0,0.21995,218669.0,,,,,
2016-07-07,,,22829200.0,0.228292,268443.0,,,,,
2016-07-08,,,23318700.0,0.233187,203189.0,,,,,
2016-07-09,,,19369100.0,0.193691,106202.0,,,,,
2016-07-10,,,22455700.0,0.224557,88774.0,,,,,
2016-07-11,,,21804800.0,0.218048,88437.0,,,,,
2016-07-12,,,21689700.0,0.216897,136972.0,,,,,
2016-07-13,,,19973600.0,0.199736,103542.0,,,,,
2016-07-14,,,19320600.0,0.193206,154375.0,,,,,
2016-07-15,,,19662500.0,0.196625,115159.0,,,,,
2016-07-16,,,20508200.0,0.205082,36851.0,,,,,
2016-07-17,,,19385900.0,0.193859,60718.0,,,,,
2016-07-18,,,19713600.0,0.197136,132592.0,,,,,
2016-07-19,,,22483500.0,0.224835,168579.0,,,,,
2016-07-20,,,20923800.0,0.209238,70378.0,,,,,
2016-07-21,,,21109500.0,0.211095,93206.0,,,,,
2016-07-22,,,20632400.0,0.206324,102240.0,,,,,
2016-07-23,,,19123200.0,0.191232,48054.0,,,,,
2016-07-24,,,20141600.0,0.201416,136512.0,,,,,
2016-07-25,,,20216000.0,0.20216,115927.0,,,,,
2016-07-26,,,20203500.0,0.202035,199906.0,,,,,
2016-07-27,,,17330600.0,0.173306,211513.0,,,,,
2016-07-28,,,18216800.0,0.182168,79472.0,,,,,
2016-07-29,,,17624200.0,0.176242,52603.0,,,,,
2016-07-30,,,19174700.0,0.191747,30568.0,,,,,
2016-07-31,,,18536600.0,0.185366,66910.0,,,,,
2016-08-01,,,17216100.0,0.172161,79352.0,,,,,
2016-08-02,,,16490500.0,0.164905,197250.0,,,,,
2016-08-03,,,12752700.0,0.127527,106321.0,,,,,
2016-08-04,,,14458300.0,0.144583,78311.0,,,,,
2016-08-05,,,15663200.0,0.156632,87961.0,,,,,
2016-08-06,,,16482000.0,0.16482,52232.0,,,,,
2016-08-07,,,17275700.0,0.172757,51728.0,,,,,
2016-08-08,,,16083500.0,0.160835,85297.0,,,,,
2016-08-09,,,17726000.0,0.17726,39850.0,,,,,
2016-08-10,,,17342900.0,0.173429,115904.0,,,,,
2016-08-11,,,18904500.0,0.189045,112529.0,,,,,
2016-08-12,,,18093200.0,0.180932,148755.0,,,,,
2016-08-13,,,18293200.0,0.182932,109816.0,,,,,
2016-08-14,,,17761500.0,0.177615,115312.0,,,,,
2016-08-15,,,17343100.0,0.173431,59199.0,,,,,
2016-08-16,,,17382300.0,0.173823,66316.0,,,,,
2016-08-17,,,17459400.0,0.174594,82779.0,,,,,
2016-08-18,,,17763600.0,0.177636,54480.0,,,,,
2016-08-19,,,17531400.0,0.175314,33598.0,,,,,
2016-08-20,,,17840200.0,0.178402,23310.0,,,,,
2016-08-21,,,17899800.0,0.178998,83163.0,,,,,
2016-08-22,,,17443800.0,0.174438,67344.0,,,,,
2016-08-23,,,17845200.0,0.178452,59064.0,,,,,
2016-08-24,,,17658000.0,0.17658,45227.0,,,,,
2016-08-25,,,17033400.0,0.170334,26812.0,,,,,
2016-08-26,,,16798000.0,0.16798,30915.0,,,,,
2016-08-27,,,16953100.0,0.169531,23586.0,,,,,
2016-08-28,,,16224900.0,0.162249,35982.0,,,,,
2016-08-29,,,15185300.0,0.151853,53334.0,,,,,
2016-08-30,,,15901700.0,0.159017,44755.0,,,,,
2016-08-31,,,15848600.0,0.158486,59938.0,,,,,
2016-09-01,,,16398400.0,0.163984,48630.0,,,,,
2016-09-02,,,16111100.0,0.161111,45929.0,,,,,
2016-09-03,,,17119100.0,0.171191,54250.0,,,,,
2016-09-04,,,16534500.0,0.165345,28552.0,,,,,
2016-09-05,,,16576600.0,0.165766,26388.0,,,,,
2016-09-06,,,17032700.0,0.170327,68491.0,,,,,
2016-09-07,,,16646400.0,0.166464,58305.0,,,,,
2016-09-08,,,16003000.0,0.16003,24373.0,,,,,
2016-09-09,,,16237700.0,0.162377,33322.0,,,,,
2016-09-10,,,16681100.0,0.166811,27087.0,,,,,
2016-09-11,,,16236200.0,0.162362,37636.0,,,,,
2016-09-12,,,16084300.0,0.160843,39086.0,,,,,
2016-09-13,,,17135000.0,0.17135,29377.0,,,,,
2016-09-14,,,16899800.0,0.168998,20792.0,,,,,
2016-09-15,,,17305400.0,0.173054,43596.0,,,,,
2016-09-16,,,16559600.0,0.165596,12703.0,,,,,
2016-09-17,,,16514200.0,0.165142,89094.0,,,,,
2016-09-18,,,17917600.0,0.179176,55809.0,,,,,
2016-09-19,,,18466200.0,0.184662,42683.0,,,,,
2016-09-20,,,19137000.0,0.19137,171638.0,,,,,
2016-09-21,,,21545200.0,0.215452,127409.0,,,,,
2016-09-22,,,19953200.0,0.199532,53944.0,,,,,
2016-09-23,,,19600000.0,0.196,38658.0,,,,,
2016-09-24,,,18661800.0,0.186618,68776.0,,,,,
2016-09-25,,,18147200.0,0.181472,62099.0,,,,,
2016-09-26,,,17491900.0,0.174919,36526.0,,,,,
2016-09-27,,,17345500.0,0.173455,41339.0,,,,,
2016-09-28,,,17363800.0,0.173638,25885.0,,,,,
2016-09-29,,,17311200.0,0.173112,42652.0,,,,,
2016-09-30,,,17318400.0,0.173184,143538.0,,,,,
2016-10-01,,,19672700.0,0.196727,68996.0,,,,,
2016-10-02,,,18593000.0,0.18593,27277.0,,,,,
2016-10-03,,,18745700.0,0.187457,65785.0,,,,,
2016-10-04,,,19255300.0,0.192553,110394.0,,,,,
2016-10-05,,,21102800.0,0.211028,236077.0,,,,,
2016-10-06,,,21305400.0,0.213054,115933.0,,,,,
2016-10-07,,,21098700.0,0.210987,136663.0,,,,,
2016-10-08,,,20381700.0,0.203817,50465.0,,,,,
2016-10-09,,,21253000.0,0.21253,58742.0,,,,,
2016-10-10,,,21230700.0,0.212307,27118.0,,,,,
2016-10-11,,,20994000.0,0.20994,85220.0,,,,,
2016-10-12,,,20956700.0,0.209567,30333.0,,,,,
2016-10-13,,,21285100.0,0.212851,41826.0,,,,,
2016-10-14,,,20580800.0,0.205808,76178.0,,,,,
2016-10-15,,,20968900.0,0.209689,136396.0,,,,,
2016-10-16,,,22346300.0,0.223463,236807.0,,,,,
2016-10-17,,,23530000.0,0.2353,177063.0,,,,,
2016-10-18,,,24429800.0,0.244298,146243.0,,,,,
2016-10-19,,,24558800.0,0.245588,326732.0,,,,,
2016-10-20,,,24914900.0,0.249149,75405.0,,,,,
2016-10-21,,,24055000.0,0.24055,39153.0,,,,,
2016-10-22,,,24377300.0,0.243773,211276.0,,,,,
2016-10-23,,,27536800.0,0.275368,324055.0,,,,,
2016-10-24,,,31369400.0,0.313694,517981.0,,,,,
2016-10-25,,,33827200.0,0.338272,307680.0,,,,,
2016-10-26,,,35485000.0,0.35485,515087.0,,,,,
2016-10-27,,,33353800.0,0.333538,409265.0,,,,,
2016-10-28,,,32937700.0,0.329377,206322.0,,,,,
2016-10-29,,,33797600.0,0.337976,255905.0,,,,,
2016-10-30,,,34671600.0,0.346716,249473.0,,,,,
2016-10-31,,,35108500.0,0.351085,234987.0,,,,,
2016-11-01,,,32799400.0,0.327994,129183.0,,,,,
2016-11-02,,,34587000.0,0.34587,58897.0,,,,,
2016-11-03,,,35293200.0,0.352932,212870.0,,,,,
2016-11-04,,,34633900.0,0.346339,90495.0,,,,,
2016-11-05,,,34051900.0,0.340519,65271.0,,,,,
2016-11-06,,,34985500.0,0.349855,112262.0,,,,,
2016-11-07,,,36833200.0,0.368332,102888.0,,,,,
2016-11-08,,,35172200.0,0.351722,78647.0,,,,,
2016-11-09,,,34911100.0,0.349111,208008.0,,,,,
2016-11-10,,,36902800.0,0.369028,136051.0,,,,,
2016-11-11,,,37561200.0,0.375612,87279.0,,,,,
2016-11-12,,,37622500.0,0.376225,167249.0,,,,,
2016-11-13,,,40094600.0,0.400946,125585.0,,,,,
2016-11-14,,,39031800.0,0.390318,168500.0,,,,,
2016-11-15,,,38037600.0,0.380376,236251.0,,,,,
2016-11-16,,,35775500.0,0.357755,200041.0,,,,,
2016-11-17,,,33227400.0,0.332274,164967.0,,,,,
2016-11-18,,,32468200.0,0.324682,308090.0,,,,,
2016-11-19,,,29740400.0,0.297404,164366.0,,,,,
2016-11-20,,,30757800.0,0.307578,100018.0,,,,,
2016-11-21,22151.4955127,18,27727600.0,0.277276,77955.0,351.091403635,0.027,0.001,18,
2016-11-22,0.005485794,7,28872600.0,0.288726,75607.0,0.000288726,0.007,0.001,3,
2016-11-23,,,27887100.0,0.278871,38300.0,,,,,
2016-11-24,,,27289200.0,0.272892,140550.0,,,,,
2016-11-25,,,26130800.0,0.261308,52721.0,,,,,
2016-11-26,,,23308700.0,0.233087,102524.0,,,,,
2016-11-27,,,21718300.0,0.217183,72829.0,,,,,
2016-11-28,,,25746800.0,0.257468,94741.0,,,,,
2016-11-29,,,30946600.0,0.309466,129518.0,,,,,
2016-11-30,,,25969400.0,0.259694,69225.0,,,,,
2016-12-01,,,25279600.0,0.252796,38650.0,,,,,
2016-12-02,,,24614400.0,0.246144,53633.0,,,,,
2016-12-03,,,24622300.0,0.246223,43557.0,,,,,
2016-12-04,,,24745300.0,0.247453,51360.0,,,,,
2016-12-05,,,23570700.0,0.235707,33659.0,,,,,
2016-12-06,,,23125200.0,0.231252,38582.0,,,,,
2016-12-07,,,23252200.0,0.232522,26844.0,,,,,
2016-12-08,,,24435200.0,0.244352,23638.0,,,,,
2016-12-09,,,23641400.0,0.236414,18126.0,,,,,
2016-12-10,,,23501000.0,0.23501,9008.0,,,,,
2016-12-11,0.232955,1,23295500.0,0.232955,20208.0,0.232955,0.001,0.001,2,
2016-12-12,0.008466599,1,22882700.0,0.228827,40733.0,0.008466599,0.001,0.001,2,
2016-12-13,0.228146501,3,22883300.0,0.228833,18928.0,0.0228604167,0.003,0.001,2,
2016-12-14,,,23361600.0,0.233616,25330.0,,,,,
2016-12-15,,,22106200.0,0.221062,15290.0,,,,,
2016-12-16,,,22117200.0,0.221172,31752.0,,,,,
2016-12-17,,,24446600.0,0.244466,18214.0,,,,,
2016-12-18,,,23988900.0,0.239889,21916.0,,,,,
2016-12-19,6.330204405,26,22858500.0,0.228585,39801.0,0.2053836225,0.026,0.001,18,
2016-12-20,224.312805664,25,21735400.0,0.217354,70993.0,0.000217354,0.025,0.001,21,
2016-12-21,0.355280417493,20,21254300.0,0.212543,136469.0,0.000212543,0.02,0.001,16,
2016-12-22,1.118622368,4,19484800.0,0.194848,73752.0,0.000194848,0.004,0.001,4,
2016-12-23,0.000768312,4,19207800.0,0.192078,45692.0,0.000192078,0.004,0.001,5,
2016-12-24,0.00097877,5,19575400.0,0.195754,32473.0,0.000195754,0.005,0.001,6,
2016-12-25,549.909737788,7,18544400.0,0.185444,26826.0,11.2638557644,0.007,0.001,6,
2016-12-26,81.668321004,9,20629200.0,0.206292,29712.0,4.126458876,0.009,0.001,8,
2016-12-27,0.001220784,6,20346400.0,0.203464,54308.0,0.000203464,0.006,0.001,6,
2016-12-28,112.843271299,11,18775700.0,0.187757,52386.0,0.000187757,0.011,0.001,11,
2016-12-29,1.844048736,3,18436800.0,0.184368,49410.0,0.000184368,0.003,0.001,3,
2016-12-30,0.001045485,5,20909700.0,0.209097,26185.0,0.000209097,0.005,0.001,5,
2016-12-31,0.000229221,1,22922100.0,0.229221,48047.0,0.000229221,0.001,0.001,2,
2017-01-01,0.024584868,3,25086600.0,0.250866,35423.0,0.000250866,0.003,0.001,4,
2017-01-02,5.5883808162,2,22142900.0,0.221429,37158.0,2.7941904081,0.002,0.001,3,
2017-01-03,0.000232669,1,23266900.0,0.232669,28997.0,0.000232669,0.001,0.001,2,
2017-01-04,0.000239891,1,23989100.0,0.239891,75184.0,0.000239891,0.001,0.001,2,
2017-01-05,5.9823529606,3,24155800.0,0.241558,28182.0,0.289628042,0.003,0.001,4,
2017-01-06,0.000700941,3,23364700.0,0.233647,62838.0,0.000233647,0.003,0.001,3,
2017-01-07,0.000212612,1,21261200.0,0.212612,42203.0,0.000212612,0.001,0.001,2,
2017-01-08,0.002393424,11,21758400.0,0.217584,18438.0,0.000217584,0.011,0.001,6,
2017-01-09,0.00042754,2,21377000.0,0.21377,29743.0,0.00021377,0.002,0.001,2,
2017-01-10,0.000436666,2,21833300.0,0.218333,14961.0,0.000218333,0.002,0.001,2,
2017-01-11,8.54313026621,5,22488800.0,0.224888,29956.0,0.404348624,0.005,0.001,6,
2017-01-12,153.761133061,4,20115900.0,0.201159,13289.0,0.000201159,0.004,0.001,5,
2017-01-13,0.000205282,1,20528200.0,0.205282,14030.0,0.000205282,0.001,0.001,2,
2017-01-14,0.0035225995,5,21879500.0,0.218795,33042.0,0.000218795,0.005,0.001,5,
2017-01-15,0.000232277,1,23227700.0,0.232277,42740.0,0.000232277,0.001,0.001,2,
2017-01-16,0.000237278,1,23727800.0,0.237278,57903.0,0.000237278,0.001,0.001,2,
2017-01-17,12.312536775,6,23677500.0,0.236775,36356.0,0.000236775,0.006,0.001,7,
2017-01-18,0.000490254,2,24512700.0,0.245127,34180.0,0.000245127,0.002,0.001,2,
2017-01-19,0.000505288,2,25264400.0,0.252644,33177.0,0.000252644,0.002,0.001,3,
2017-01-20,,,23529800.0,0.235298,7215.0,,,,,
2017-01-21,,,23477900.0,0.234779,23460.0,,,,,
2017-01-22,,,24158300.0,0.241583,21406.0,,,,,
2017-01-23,,,24980800.0,0.249808,37598.0,,,,,
2017-01-24,2.2292283348,4,24170800.0,0.241708,22123.0,0.538283716,0.004,0.001,5,
2017-01-25,0.000467428,2,23371400.0,0.233714,22286.0,0.000233714,0.002,0.001,3,
2017-01-26,0.000234656,1,23465600.0,0.234656,40554.0,0.000234656,0.001,0.001,2,
2017-01-27,2.127046572,6,23628600.0,0.236286,36451.0,0.118261143,0.006,0.001,7,
2017-01-28,338.338707413,17,23654300.0,0.236543,18724.0,0.265745837112,0.017,0.001,15,
2017-01-29,1807.77993881,13,24477100.0,0.244771,53622.0,24.476855229,0.013,0.001,13,
2017-01-30,1410.68317578,11,23908900.0,0.239089,35015.0,48.056410822,0.011,0.001,10,
2017-01-31,3099.96590256,31,23227000.0,0.23227,33927.0,7.28437510251,0.031,0.001,22,
2017-02-01,274.556986425,3,22586800.0,0.225868,24365.0,48.6912451054,0.003,0.001,5,
2017-02-02,9382.22949898,37,23083700.0,0.230837,32076.0,27.446057626,0.037,0.001,30,
2017-02-03,5327.40720951,295,21193400.0,0.211934,115689.0,2.11934e-09,0.295,0.001,21,
2017-02-04,122488.808927,496,22947100.0,0.229471,58343.0,2.29471e-09,0.496,0.001,28,
2017-02-05,8294.87379637,550,22132600.0,0.221326,49044.0,2.21326e-09,0.55,0.001,33,
2017-02-06,60323.506023,549,22474400.0,0.224744,99127.0,2.24744e-09,0.549,0.001,84,
2017-02-07,18808.5616597,1444,26497500.0,0.264975,41996.0,1.9871800125,1.444,0.001,492,
2017-02-08,26029.7605238,2086,25604200.0,0.256042,25869.0,1.279953958,2.086,0.001,544,
2017-02-09,65528.6368389,2705,26496100.0,0.264961,42759.0,1.589766,2.705,0.001,539,
2017-02-10,48377.9356934,2664,24845700.0,0.248457,29023.0,2.733027,2.664,0.001,692,
2017-02-11,58334.1683724,2553,23677200.0,0.236772,48287.0,2.841027228,2.553,0.001,616,
2017-02-12,52770.4053204,2680,24238500.0,0.242385,32411.0,2.423607615,2.685,0.001,584,
2017-02-13,878908.740122,2517,24996300.0,0.249963,16161.0,5.248973037,2.518,0.001,605,
2017-02-14,120552.003785,2324,24728000.0,0.24728,155975.0,7.04735636,2.332,0.001,616,
2017-02-15,95522.8878139,2902,24286700.0,0.242867,75001.0,3.885872,2.903,0.001,610,
2017-02-16,48629.3154248,3569,24486300.0,0.244863,60036.0,3.672700137,3.57,0.001,603,
2017-02-17,72001.1011629,3575,24964000.0,0.24964,50195.0,3.49496,3.5765,0.001,587,
2017-02-18,97616.1840517,3145,25302000.0,0.25302,50274.0,2.02390698,3.15,0.001,793,
2017-02-19,50181.3238214,3235,24500100.0,0.245001,90623.0,0.0245001,3.235,0.001,815,
2017-02-20,53120.5142166,5032,24111200.0,0.241112,59416.0,0.0241112,5.037,0.001,1075,
2017-02-21,104443.251978,5560,24612300.0,0.246123,91137.0,0.0246123,5.564,0.001,1270,
2017-02-22,42001.0861203,4949,21918500.0,0.219185,45672.0,0.0219185,4.951,0.001,1005,
2017-02-23,117830.868448,3982,22570200.0,0.225702,57350.0,0.225476298,3.982,0.001,959,
2017-02-24,49206.2232326,3315,21920500.0,0.219205,63823.0,0.0210264570632,3.317,0.001,828,
2017-02-25,54589.447363,2877,22064100.0,0.220641,78333.0,0.220641,2.888,0.001,787,
2017-02-26,275441.776963,3006,21494400.0,0.214944,57827.0,1.289664,3.007,0.001,780,
2017-02-27,32044.7576365,3457,21550500.0,0.215505,56478.0,1.077525,3.458,0.001,726,
2017-02-28,128088.017255,3727,22230800.0,0.222308,180411.0,0.666924,4.828,0.001,777,
2017-03-01,102440.487112,3424,19577300.0,0.195773,76347.0,0.978669227,3.425,0.001,746,
2017-03-02,130691.327223,4373,19598000.0,0.19598,121697.0,1.17588,5.375,0.001,924,
2017-03-03,390524.672244,3935,18889400.0,0.188894,54215.0,0.94447,3.9365,0.001,818,
2017-03-04,37591.919073,3199,20255900.0,0.202559,35096.0,0.404915441,3.199,0.001,795,
2017-03-05,62619.7818468,3255,19563400.0,0.195634,104482.0,0.586706366,3.256,0.001,740,
2017-03-06,51575.6280085,3541,22740000.0,0.2274,316545.0,0.6819726,3.541,0.001,801,
2017-03-07,82140.2349999,5844,23899700.0,0.238997,249683.0,2.628967,5.845,0.001,742,
2017-03-08,49041.5235224,3917,21401800.0,0.214018,199352.0,1.283893982,3.918,0.001,733,
2017-03-09,57889.9582229,4542,19562900.0,0.195629,239611.0,2.738806,4.542,0.001,779,
2017-03-10,118099.494005,5830,20577300.0,0.205773,189922.0,3.086389227,5.832,0.001,833,
2017-03-11,73566.5014868,6110,19919000.0,0.19919,169005.0,1.59332081,6.111,0.001,872,
2017-03-12,169170.928732,13442,21886800.0,0.218868,1056330.0,0.0184741258798,13.459,0.001,3838,
2017-03-13,117851.664632,4419,25762900.0,0.257629,691705.0,1.803145371,4.42,0.001,820,
2017-03-14,220419.453461,4279,27148700.0,0.271487,209764.0,1.900409,4.27901,0.001,869,
2017-03-15,307594.306293,5433,25536000.0,0.25536,399122.0,5.1072,5.445,0.001,781,
2017-03-16,147419.109663,4793,30128100.0,0.301281,236331.0,3.916351719,4.798,0.001,759,
2017-03-17,180914.366901,3895,31049200.0,0.310492,212021.0,3.10492,3.896,0.001,752,
2017-03-18,127609.906538,6219,26775400.0,0.267754,230859.0,2.945026246,6.22,0.001,1029,
2017-03-19,206918.818669,6088,26392300.0,0.263923,184119.0,2.6656223,6.0905,0.001,833,
2017-03-20,462201.559744,6491,28364200.0,0.283642,157842.0,2.552778,6.4915,0.001,807,
2017-03-21,161730.560337,5381,28369300.0,0.283693,169660.0,2.552953307,5.3815,0.001,764,
2017-03-22,158637.471412,6006,29040100.0,0.290401,161794.0,4.065323599,6.008,0.001,715,
2017-03-23,158008.61092,5948,27533600.0,0.275336,144537.0,1.652016,5.961,0.001,962,
2017-03-24,256743.514524,4948,27268900.0,0.272689,263578.0,1.908550311,4.951,0.001,902,
2017-03-25,238647.139652,6756,28087600.0,0.280876,270956.0,1.404099124,6.759,0.001,1076,
2017-03-26,372062.790976,5933,29638800.0,0.296388,230424.0,1.481643612,5.9345,0.001,1019,
2017-03-27,300753.186227,4596,32249800.0,0.322498,288109.0,0.322175502,4.599,0.001,1147,
2017-03-28,320781.902997,4015,35840300.0,0.358403,229631.0,3.225627,4.019,0.001,994,
2017-03-29,383804.441778,3770,37404200.0,0.374042,297157.0,7.106798,3.771,0.001,896,
2017-03-30,1196800.49124,3786,40277900.0,0.402779,346511.0,7.652398221,4.95437238,0.001,997,
2017-03-31,279805.011954,4099,38145600.0,0.381456,274899.0,3.051648,4.109,0.001,930,
2017-04-01,486824.132497,4485,37664400.0,0.376644,312547.0,2.636131356,4.487,0.001,875,
2017-04-02,504117.526817,5176,35004500.0,0.350045,351514.0,3.50045,5.188,0.001,879,
2017-04-03,337846.928936,6307,34373600.0,0.343736,279890.0,2.749888,6.318,0.001,1425,
2017-04-04,409763.119291,3367,38360500.0,0.383605,204891.0,0.383221395,3.389,0.001,1335,
2017-04-05,375035.261704,4664,37088600.0,0.370886,379711.0,3.708489114,4.716,0.001,1072,
2017-04-06,293417.362082,2986,41780700.0,0.417807,260516.0,0.417807,2.988,0.001,958,
2017-04-07,375369.649442,3484,39945700.0,0.399457,305879.0,2.396342543,3.487,0.001,808,
2017-04-08,386934.77873,4182,38509800.0,0.385098,142979.0,4.620790902,4.183,0.001,805,
2017-04-09,359379.9377,2702,38094800.0,0.380948,190894.0,3.80948,2.7045,0.001,793,
2017-04-10,151151.751641,2261,39278400.0,0.392784,259204.0,3.534663216,3.269,0.001,801,
2017-04-11,246144.644301,2624,41460400.0,0.414604,266946.0,5.804456,2.625,0.001,851,
2017-04-12,706161.191375,3700,44729600.0,0.447296,373385.0,4.025664,3.706,0.001,882,
2017-04-13,374944.195874,3492,41905100.0,0.419051,200220.0,1.2569434745,3.492,0.001,866,
2017-04-14,330467.415458,4485,43739900.0,0.437399,131218.0,1.311759601,4.492,0.001,949,
2017-04-15,353640.926684,5776,42927900.0,0.429279,211117.0,3.863511,5.782,0.001,889,
2017-04-16,142724.07402,4566,42607600.0,0.426076,96846.0,0.852152,4.573,0.001,926,
2017-04-17,621306.58274,4327,43298900.0,0.432989,313608.0,0.0230336898537,4.327,0.001,1042,
2017-04-18,566161.101018,5101,44513600.0,0.445136,257694.0,0.0213730804019,5.102,0.001,957,
2017-04-19,235951.924381,4924,43130600.0,0.431306,379471.0,0.0200167346245,4.926,0.001,992,
2017-04-20,571061.093296,5358,45792400.0,0.457924,302686.0,0.915848,5.3705,0.001,1071,
2017-04-21,300491.090162,7432,46138700.0,0.461387,180213.0,4.152021613,7.433,0.001,1006,
2017-04-22,383841.054805,6197,46081200.0,0.460812,195745.0,5.068471188,6.2,0.001,1012,
2017-04-23,479459.723792,5161,47314100.0,0.473141,479973.0,4.258269,5.1645,0.001,1147,
2017-04-24,1659356.10178,4132,56352200.0,0.563522,681177.0,5.634656478,4.1405,0.001,1263,
2017-04-25,603329.379774,4352,56225200.0,0.562252,484929.0,2.249008,4.354,0.001,1251,
2017-04-26,413789.528337,5738,54962500.0,0.549625,407189.0,2.747575375,6.137,0.001,1156,
2017-04-27,472457.677333,7934,55810900.0,0.558109,350409.0,0.015903500131,8.036,0.001,3848,
2017-04-28,538355.557366,5529,55961400.0,0.559614,377319.0,2.8260507,5.533,0.001,1192,
2017-04-29,456627.870679,6073,60207900.0,0.602079,334335.0,1.204158,6.077,0.001,1420,
2017-04-30,467666.234691,5980,58429100.0,0.584291,265313.0,0.584291,5.982,0.001,1608,
2017-05-01,414831.051891,6355,59976400.0,0.599764,363535.0,0.599164236,6.355,0.001,1206,
2017-05-02,516919.269261,5648,59731400.0,0.597314,319906.0,4.43356139396,5.648,0.001,1633,
2017-05-03,1278178.53174,3298,62271700.0,0.622717,443313.0,3.736302,3.298,0.001,1341,
2017-05-04,842942.315077,3381,66992100.0,0.669921,450198.0,0.00567187274808,3.3845,0.001,1576,
2017-05-05,1638117.72328,2809,71819696.0,0.718197,500678.0,0.00586245537978,3.8040002,0.001,1444,
2017-05-06,630460.400759,3931,73337904.0,0.733379,526869.0,0.00553858821485,3.89850041,0.001,1656,
2017-05-07,510254.03956,3631,76730096.0,0.767301,689834.0,0.00398741008767,3.54100094,0.001,1207,
2017-05-08,1162015.28197,3329,80095600.0,0.800956,620587.0,0.00528876052536,3.29100048,0.001,1417,
2017-05-09,603134.033894,4453,83062704.0,0.830627,845264.0,0.00452154299331,4.39600059,0.001,1315,
2017-05-10,4301831.81831,5827,91080200.0,0.910802,2897830.0,0.00661371585884,5.9185,0.001,1870,
2017-05-11,1231830.16244,2988,121449000.0,1.21,1606360.0,0.0093108532,3.95250061,0.001,1310,
2017-05-12,917065.917827,4922,121533000.0,1.22,1006640.0,0.0085258663,4.86100063,0.001,1665,
2017-05-13,1137673.9197,6516,110983000.0,1.11,1559600.0,0.00603487575,6.45100065,0.001,899,
2017-05-14,2730871.78606,7091,119476000.0,1.19,2176080.0,0.0066431869,6.96006765,0.001,1417,
2017-05-15,1888799.30356,7150,137496992.0,1.37,1664930.0,0.00693105605,7.033134,0.001,1314,
2017-05-16,2463734.0908,8134,141828000.0,1.42,1209240.0,0.0105873496,8.022514,0.001,1784,
2017-05-17,2222505.2269,6185,126782000.0,1.27,1348780.0,0.0071867268,6.03801383,0.001,1191,
2017-05-18,1542837.5284,6557,128494000.0,1.28,912823.0,0.0072679808,6.481136,0.001,1175,
2017-05-19,1843747.48306,7373,139098000.0,1.39,1423940.0,0.0076110145,7.290586,0.001,1462,
2017-05-20,953077.888416,5200,156886000.0,1.57,1019880.0,0.0088202914,5.037665,0.001,934,
2017-05-21,1674958.84459,7157,163762000.0,1.64,1498620.0,0.0094813648,6.996664,0.001,1896,
2017-05-22,2525909.5157,6077,176818000.0,1.77,1696230.0,0.0112009671,6.202084,0.001,1727,
2017-05-23,7011499.4847,5699,188212000.0,1.88,3640250.0,0.008488388,5.576144,0.001,1997,
2017-05-24,8382338.11935,7061,263788992.0,2.64,2549760.0,0.0108576864,6.941646,0.001,2168,
2017-05-25,5614037.15321,4889,282948992.0,2.83,2280980.0,0.0065436958,4.766144,0.001,1439,
2017-05-26,4935135.17497,3454,235176000.0,2.35,1994070.0,0.001767623,3.435146,0.001,1248,
2017-05-27,4635344.29741,4032,249088000.0,2.49,2019910.0,0.00249,3.89815,0.001,1349,
2017-05-28,2938318.52253,7606,225588000.0,2.26,1273880.0,0.0077015715,7.468652,0.001,2087,
2017-05-29,3351845.45366,3452,247786000.0,2.48,1475750.0,0.0016847756,3.300154,0.001,1339,
2017-05-30,4299855.75144,6266,269772992.0,2.7,2066020.0,0.0097903485,6.145257,0.001,1806,
2017-05-31,2979669.20544,5934,242799008.0,2.43,2233740.0,0.00523452375,7.29216,0.001,1786,
2017-06-01,5364987.2452,4008,294035008.0,2.94,3224130.0,0.0023119572,3.957697,0.001,1553,
2017-06-02,8807289.53922,5366,340371008.0,3.4,4988350.0,0.0106896,5.514163,0.001,2445,
2017-06-03,15780366.0926,5913,468616992.0,4.69,10124100.0,0.0469,7.368654,0.001,2543,
2017-06-04,6665953.39969,8515,516356992.0,5.16,4447070.0,0.01713894,8.414402,0.001,3037,
2017-06-05,3302359.52303,6903,533404992.0,5.33,3095220.0,0.0155196808,6.75218,0.001,2398,
2017-06-06,6860801.78512,5303,568531008.0,5.69,4467540.0,0.003618271,6.124685,0.001,2029,
2017-06-07,4216991.31977,5732,548427008.0,5.48,2448950.0,0.0032287886,5.756605,0.001,2326,
2017-06-08,2324396.25675,5099,528516992.0,5.29,2984740.0,0.0020660095,4.88321842,0.001,1846,
2017-06-09,4906496.89562,4801,581550016.0,5.82,3963370.0,0.0056071044,4.576234,0.001,2461,
2017-06-10,4780153.95307,4023,634468992.0,6.34,5124700.0,0.004661168,3.861741,0.001,1838,
2017-06-11,4261039.9348,6055,566857984.0,5.67,2939820.0,0.0051388911,5.846232,0.001,2834,
2017-06-12,23421957.4176,4804,631105024.0,6.31,2913670.0,0.0048824256,4.801735,0.001,2316,
2017-06-13,4228274.46474,4725,532627008.0,5.33,2666350.0,0.0034506953,4.514932,0.001,2126,
2017-06-14,3533812.0386,4329,582270016.0,5.82,2377380.0,0.0035366394,6.118231,0.001,2148,
2017-06-15,5580847.27679,3057,508816992.0,5.09,3132730.0,0.0017615472,3.0526306,0.001,1527,
2017-06-16,3121518.74905,4638,527868000.0,5.28,1920540.0,0.0029011224,4.378266,0.001,2125,
2017-06-17,3117684.44151,4255,516262016.0,5.16,2057140.0,0.002018334,3.999285,0.001,1519,
2017-06-18,2109338.32697,4955,517299008.0,5.17,1459430.0,0.0032988736,4.853629,0.001,2420,
2017-06-19,14472916.8163,4558,502246016.0,5.02,3298260.0,0.0029606454,4.331744,0.001,1941,
2017-06-20,4893226.71836,4279,514943008.0,5.15,3440970.0,0.0033418865,4.042758,0.001,1852,
2017-06-21,3717437.1664,5238,506126016.0,5.06,2505130.0,0.0040342115,4.98926201,0.001,2269,
2017-06-22,6770791.569,6273,490780832.0,4.91,2058720.0,49.1,5.95475982,0.001,1810,
2017-06-23,2239836.37273,3511,491210944.0,4.91,2166710.0,0.2717090399,3.29899711,0.001,2013,
2017-06-24,3151623.3702,2317,521488192.0,5.21,2400890.0,0.2605,2.091762,0.001,1331,
2017-06-25,2608478.886,3140,488443456.0,4.88,3048820.0,0.0036820088,3.48527,0.001,1612,
2017-06-26,9869733.03104,5373,464447744.0,4.64,6562970.0,0.006403664,315.740772,0.001,2518,
2017-06-27,2883787.15067,3856,395138720.0,3.95,2439380.0,0.002651082,3.690775,0.001,1683,
2017-06-28,5408609.0927,5487,431391040.0,4.31,2772690.0,0.0026832336,5.213276,0.001,2370,
2017-06-29,1572471.43861,5860,423977216.0,4.24,1639660.0,0.0032357772,5.66364587,0.001,3282,
2017-06-30,3053638.29176,3028,394514688.0,3.95,2036280.0,0.0395,24.491287,0.001,1902,
2017-07-01,1205463.03846,3586,357030144.0,3.57,2615170.0,0.01071,90.416802,0.001,2264,
2017-07-02,4599655.42494,4032,369637120.0,3.7,2239090.0,0.0088184875,27.375821,0.001,2538,
2017-07-03,2841525.09398,5176,361116224.0,3.61,2625710.0,0.0361,29.810929,0.001,3449,
2017-07-04,6167412.99464,5094,378985376.0,3.79,5214290.0,0.0036128554,27.384331,0.001,2587,
2017-07-05,6124540.74401,8545,431855200.0,4.32,5733020.0,0.0026865648,23.768835,0.001,3527,
2017-07-06,1351064.55539,5750,457739840.0,4.58,2939230.0,0.0028728508,19.1048339,0.001,2816,
2017-07-07,1600978.23147,5985,432714400.0,4.33,2631630.0,0.0035851534,20.422832,0.001,3006,
2017-07-08,956093.762436,3175,379403072.0,3.79,1412280.0,0.0029857241,8.487835,0.001,1840,
2017-07-09,946082.376378,3831,392118464.0,3.92,1225380.0,0.0085654744,9.534344,0.001,2333,
2017-07-10,6510960.45254,4224,373806240.0,3.74,2638830.0,3.74,10.487192,0.001,2617,
2017-07-11,3661160.95108,2367,278827008.0,2.79,3152450.0,1.2254399541,7.07216141,0.001,1598,
2017-07-12,1422717.56963,3493,258727360.0,2.59,1930340.0,0.0023104354,6.924238,0.001,1933,
2017-07-13,788275.348118,4585,305263488.0,3.05,1734160.0,0.00305,5.24536879,0.001,2471,
2017-07-14,1374891.45662,4633,289495104.0,2.89,2439500.0,0.0012012863,6.060372,0.001,2001,
2017-07-15,2823523.3706,4958,242705088.0,2.43,2860750.0,0.00130934475,7.349627,0.001,1736,
2017-07-16,1080387.46859,9840,201211136.0,2.01,1677160.0,0.00115272495,11.424399,0.001,4294,
2017-07-17,766973.095336,7715,196939232.0,1.97,1909110.0,0.0009496779,11.007288,0.001,2795,
2017-07-18,754612.047046,3134,252328640.0,2.52,2325000.0,0.002129463,6.801318,0.001,1582,
2017-07-19,979244.673851,5587,282847488.0,2.83,2096680.0,0.0017686934,7.95341614,0.001,2719,
2017-07-20,848454.817788,5513,260970208.0,2.61,2164540.0,0.0104216256,7.585868,0.001,3086,
2017-07-21,1331488.55521,3393,326154144.0,3.26,2167520.0,0.0015713526,5.114366,0.001,1618,
2017-07-22,2017717.42039,3062,324151360.0,3.24,3246480.0,0.0012555486,5.687866,0.001,1313,
2017-07-23,967549.740654,5842,390012448.0,3.9,2608730.0,0.0016261245,7.83699094,0.001,3008,
2017-07-24,1078805.23135,3918,364581504.0,3.65,1813130.0,0.002651141,4.93287801,0.001,1792,
2017-07-25,1813713.76477,2887,351752864.0,3.52,2462600.0,0.0026953344,4.208881,0.001,1463,
2017-07-26,2302176.24135,4179,291623424.0,2.92,3013790.0,0.002345782,6.187881,0.001,2058,
2017-07-27,969810.854375,7071,274371616.0,2.74,1889170.0,0.0020146124,7.91289261,0.001,3767,
2017-07-28,1871075.98233,6637,276459424.0,2.76,3030820.0,0.00175122,11.69039205,0.001,2741,
2017-07-29,1314147.87,1754,297597376.0,2.98,2116910.0,3.278,5.750887,0.001,1177,
2017-07-30,1156542.61635,3841,286808640.0,2.87,1530680.0,0.0051824451,5.40375576,0.001,2871,
2017-07-31,1397328.48488,11297,273811648.0,2.74,2651760.0,3.21128e-05,4.92941531,1e-08,9595,
2017-08-01,1394409.80951,17996,277389952.0,2.77,3257400.0,5.081565e-05,6.91340397,1e-08,14369,
2017-08-02,2078339.57992,6724,302168640.0,3.02,3739710.0,0.0018967714,9.36534404,0.001,2898,
2017-08-03,2565826.39132,8827,354471008.0,3.54,4766700.0,0.0029993358,9.9753836,0.001,5690,
2017-08-04,1754546.25494,2401,386796864.0,3.87,4324800.0,0.719236791,3.17939427,0.001,1712,
2017-08-05,1624813.25173,2135,367227968.0,3.67,4831480.0,13.78452,4.83059653,0.001,1447,
2017-08-06,2065072.30935,4382,432027968.0,4.32,7075590.0,0.09194256,5.48040004,0.001,3313,
2017-08-07,3863570.13165,7522,518232928.0,5.18,7792050.0,0.0162754046,7.39291779,0.001,5459,
2017-08-08,4506833.59471,4259,564065664.0,5.64,6867910.0,0.564,8.84541108,0.001,2513,
2017-08-09,3060990.09453,3693,538244352.0,5.38,4960110.0,0.0538,6.14073404,0.001,2245,
2017-08-10,3303944.62788,9137,524374528.0,5.24,7501860.0,0.0035546588,9.25766436,0.001,5700,
2017-08-11,3831175.33336,7335,560240960.0,5.6,7567900.0,0.004918032,11.69895013,0.001,4489,
2017-08-12,2949144.21249,2971,557670016.0,5.58,6782250.0,4.1678321256,5.48445631,0.001,2125,
2017-08-13,2731722.63976,4525,504705344.0,5.05,5823330.0,0.01515,4.50541447,1e-06,3220,
2017-08-14,2588402.72679,7844,483469248.0,4.83,5089710.0,0.0033469002,6.77885052,1e-06,4477,
2017-08-15,2954271.3782,4929,473033152.0,4.73,5107560.0,0.004172806,3.95244062,1e-06,2783,
2017-08-16,1350283.63015,4442,479668416.0,4.8,2607640.0,0.003426792,2.96475285,1e-08,2720,
2017-08-17,2673999.96365,11318,481389824.0,4.81,2609230.0,0.00424037575,3.45257946,1e-08,7851,
2017-08-18,2001428.16813,9313,456631040.0,4.57,2588840.0,0.05027,5.27654543,0.001,6697,
2017-08-19,819919.962553,4383,429610592.0,4.3,3801000.0,0.00303107,9.73802826,1e-08,2007,
2017-08-20,890927.320869,8614,442870144.0,4.43,4519570.0,0.0084031784,7.16978678,1e-06,4929,
2017-08-21,1780125.08435,7557,485218240.0,4.85,4064960.0,0.0028252705,5.84177869,1e-08,4118,
2017-08-22,1981407.53921,6329,437971296.0,4.38,3358640.0,0.0024063282,1.63229064,1e-08,3229,
2017-08-23,1229014.25044,10749,449053472.0,4.49,2989630.0,0.0022778219,4.31332291,1e-08,5153,
2017-08-24,1737708.90736,6885,463402784.0,4.63,3537820.0,0.0040324059,4.57979547,1e-08,5605,
2017-08-25,3555991.76778,3138,502380288.0,5.02,9306450.0,0.1504593396,7.89850893,0.001,2322,
2017-08-26,3303039.98425,9130,528242048.0,5.28,9123230.0,0.0029992776,1.92032271,1e-08,4332,
2017-08-27,1716873.39961,15853,534242048.0,5.34,7212980.0,0.0028939596,1.95238486,1e-08,7975,
2017-08-28,3134311.6267,11026,522486464.0,5.22,7208780.0,0.0030544569,3.62332571,1e-08,6696,
2017-08-29,898409.86843,1724,527066048.0,5.27,7581710.0,0.0509920984,1.484261,0.001,1395,
2017-08-30,354741.066826,1811,544365568.0,5.44,6659820.0,0.01632,1.58034658,0.001,1490,
2017-08-31,2551960.15163,7753,546850816.0,5.47,9471090.0,0.0064503334,2.44631686,1e-08,5688,
2017-09-01,3318445.60314,8493,595498432.0,5.95,9556080.0,0.0034893775,2.0048269,1e-08,4274,
2017-09-02,1949646.83538,8896,577688000.0,5.78,6608910.0,0.0032905829,1.75818294,1e-08,4165,
2017-09-03,1618507.48124,30240,526826720.0,5.27,5174780.0,1.05927e-05,3.00004672,1e-08,24614,
2017-09-04,1783554.82069,11844,519569824.0,5.2,8324540.0,0.001374568,4.04464307,1e-08,8913,
2017-09-05,2385378.71675,5564,467861760.0,4.68,6194560.0,0.00290979,1.72925543,1e-08,2982,
2017-09-06,2382563.76538,7635,499259104.0,4.99,6069650.0,0.0027436018,1.61284174,1e-08,3847,
2017-09-07,1896914.0683,15288,510326592.0,5.1,6353830.0,0.00311049,3.92656247,1e-08,9302,
2017-09-08,1899645.71009,12686,498706048.0,4.99,5899500.0,0.0025603191,1.83890579,1e-08,6114,
2017-09-09,2038912.23772,14556,451034208.0,4.51,5406880.0,0.002308218,1.59292968,1e-08,5387,
2017-09-10,1449960.64255,7733,444827904.0,4.45,5469690.0,0.0022339445,5.9993294,0.001,5293,
2017-09-11,1370566.77938,6546,443782624.0,4.44,4908140.0,0.000195249,2.25134801,1e-08,2669,
2017-09-12,1406760.81341,6364,434806048.0,4.35,5306860.0,0.000164865,101.1203487,1e-08,2131,
2017-09-13,1573107.58206,7335,436202112.0,4.36,4928930.0,0.0001520768,2.88235362,1e-08,2441,
2017-09-14,1904193.30624,9992,394739584.0,3.95,4470510.0,0.0003062435,1.71438955,1e-08,4853,
2017-09-15,956094.713927,6550,311751936.0,3.12,6270110.0,8.658e-05,1.55586098,1e-08,1897,
2017-09-16,1720687.63649,7020,377409568.0,3.77,4499490.0,0.00014829295,1.39537111,1e-08,2175,
2017-09-17,1093851.70076,14694,376568832.0,3.77,3406720.0,0.00091575185,5.16540925,1e-08,5530,
2017-09-18,1935090.35727,11695,363798624.0,3.64,4080300.0,0.0009969232,5.95387647,1e-08,4231,
2017-09-19,1819789.28585,15844,435700928.0,4.36,3403370.0,0.0014290772,7.93390115,1e-06,4800,
2017-09-20,636349.94052,16396,413509856.0,4.14,3910370.0,0.0009192456,7.89940577,1e-06,4714,
2017-09-21,1333072.26624,18640,405445440.0,4.05,2914710.0,0.00147012975,7.19318629,1e-08,8132,
2017-09-22,690168.195991,14445,365050400.0,3.65,2723740.0,0.0016371345,5.01741917,1e-08,5124,
2017-09-23,432596.600499,11276,375579392.0,3.76,4950050.0,0.0019275452,1.55742194,1e-08,4414,
2017-09-24,660859.290824,11981,396513152.0,3.97,5012110.0,0.0020485994,3.78790668,1e-08,6612,
2017-09-25,1256086.39787,5376,396943008.0,3.97,5218940.0,0.0003700834,4.64033177,0.001,3072,
2017-09-26,1644753.88531,10114,422807360.0,4.23,7713420.0,0.0003296016,6.9898597,0.001,4014,
2017-09-27,1823027.98866,15522,477460992.0,4.77,11447500.0,0.0009423612,6.45941955,1e-08,4352,
2017-09-28,2648093.44057,14851,516673856.0,5.17,8795790.0,0.0003030137,6.48191176,1e-08,6745,
2017-09-29,1127540.31252,10006,476742560.0,4.77,8515820.0,0.00019382895,6.56203448,0.001,2907,
2017-09-30,1200729.19833,8444,493142784.0,4.93,7480680.0,0.00017750465,5.90584728,0.001,2450,
2017-10-01,1326129.95055,8635,502984512.0,5.03,8233020.0,0.000371717,6.56634543,0.001,4424,
2017-10-02,1054492.12838,6247,497344448.0,4.97,7422400.0,0.0002697219,3.50540587,0.001,2980,
2017-10-03,1199083.72692,5181,486589824.0,4.87,6975040.0,0.0001681124,4.91735443,0.001,2024,
2017-10-04,2736095.19182,8225,474477280.0,4.74,8679860.0,4.977e-05,7.07477001,0.001,2561,
2017-10-05,1498694.22707,10007,491794592.0,4.92,6804000.0,0.0004150512,2.06818236,1e-08,6119,
2017-10-06,1470782.73955,10594,497016672.0,4.97,6574960.0,0.0001074017,5.72424885,0.001,3173,
2017-10-07,1805514.53555,10636,495815616.0,4.96,6760300.0,5.68168e-05,6.70737506,0.001,2724,
2017-10-08,2263405.11188,20742,501162912.0,5.01,7717430.0,0.00015303045,15.44258234,0.001,7592,
2017-10-09,2234036.84574,16673,443936736.0,4.44,6698160.0,5.87856e-05,10.22939726,0.001,4268,
2017-10-10,1472843.2736,15386,410736896.0,4.11,5675270.0,4.03602e-05,9.95489193,0.001,3245,
2017-10-11,2902436.38598,12016,410914848.0,4.11,7296340.0,2.644785e-05,9.6058153,0.001,3268,
2017-10-12,2376751.19644,14920,417611072.0,4.18,6289170.0,5.73914e-05,9.82164913,0.001,5565,
2017-10-13,2147414.36533,15181,369201088.0,3.69,6777070.0,3.10698e-05,10.6445845,0.001,3957,
2017-10-14,1365962.37316,12435,397686048.0,3.98,5190930.0,2.8059e-05,9.23130729,0.001,2337,
2017-10-15,805924.07154,16606,401031968.0,4.01,4384340.0,5.872645e-05,11.37690872,0.001,5370,
2017-10-16,978516.77985,13179,380320160.0,3.8,4972740.0,2.3598e-05,10.20728522,0.001,3327,
2017-10-17,2421495.7385,14409,404005184.0,4.04,4954490.0,3.02192e-05,10.70039664,0.001,3138,
2017-10-18,767151.513642,40422,392635456.0,3.93,7283440.0,5.6199e-06,36.01441547,0.001,30765,
2017-10-19,3413107.09329,18589,404068000.0,4.04,8840030.0,6.2014e-05,10.26445359,0.001,6453,
2017-10-20,1547460.24015,15023,389090560.0,3.89,10830100.0,3.63715e-05,9.76542586,0.001,3532,
2017-10-21,779837.874344,13461,364477472.0,3.64,10666600.0,2.75184e-05,12.74751042,0.001,2555,
2017-10-22,594168.268504,27765,358199584.0,3.58,8491900.0,1.42484e-05,22.29593102,0.001,14554,
2017-10-23,1019128.48479,22967,358000736.0,3.58,8621370.0,8.234e-06,18.73961863,0.001,14145,
2017-10-24,2632700.70552,13633,366774144.0,3.67,8703160.0,3.11583e-05,9.95041808,0.001,2938,
2017-10-25,964391.619352,13527,376244512.0,3.76,8533500.0,3.76e-05,8.36594008,0.001,3506,
2017-10-26,693863.129893,17301,371705184.0,3.72,8321870.0,5.65812e-05,9.70796808,0.001,6034,
2017-10-27,1008677.25022,12729,362311040.0,3.62,6714780.0,3.30506e-05,8.3904414,0.001,3095,
2017-10-28,841492.677411,4294,354417056.0,3.54,8103840.0,0.0001799559,1.57143317,1e-08,1822,
2017-10-29,575273.950358,16171,345825248.0,3.46,9046840.0,6.228e-05,11.01946144,0.001,5456,
2017-10-30,2208898.2764,28721,355140288.0,3.55,8523780.0,1.704e-06,26.03953669,0.001,21066,
2017-10-31,1430198.43572,11025,347319616.0,3.47,9895450.0,2.28673e-05,8.93994074,0.001,2391,
2017-11-01,3583094.7573,14482,323419072.0,3.23,11933800.0,6.116005e-05,9.42735838,0.001,3841,
2017-11-02,2204877.3542,16134,292033184.0,2.92,14949200.0,7.519e-05,9.05999492,0.001,6183,
2017-11-03,3832090.41525,16187,320549728.0,3.21,14090800.0,2.9532e-05,11.41346854,0.001,4018,
2017-11-04,906116.232641,13438,365254080.0,3.65,11619500.0,2.62435e-05,9.92595799,0.001,2544,
2017-11-05,686934.839611,17637,360517248.0,3.61,9798490.0,3.32842e-05,13.59197224,0.001,4970,
2017-11-06,1465139.85141,14828,345745856.0,3.46,12291000.0,2.88564e-05,9.96153834,0.001,3672,
2017-11-07,1720235.16851,14533,352178112.0,3.52,11312200.0,3.00608e-05,10.04910231,0.001,2899,
2017-11-08,3484044.28518,23630,368184992.0,3.68,20540000.0,2.10128e-05,18.1446235,0.001,8931,
2017-11-09,7420929.38074,36077,450693952.0,4.51,20982300.0,1.3079e-05,28.84175972,0.001,19725,
2017-11-10,2431853.46196,20159,491959808.0,4.92,14425500.0,3.99504e-05,13.29152708,0.001,4163,
2017-11-11,2542649.28131,19408,422814528.0,4.23,12304600.0,4.11156e-05,13.24152699,0.001,4770,
2017-11-12,1805592.624,20335,410249600.0,4.1,12279900.0,4.1e-05,15.14565691,0.001,5633,
2017-11-13,870265.851013,34205,369368160.0,3.69,12493200.0,8.487e-06,27.82903396,0.001,17642,
2017-11-14,2946187.51913,22003,439602432.0,4.4,19374900.0,3.8852e-05,16.66653244,0.001,4944,
2017-11-15,5342151.50289,26411,505268864.0,5.05,25851400.0,2.1816e-05,20.55502912,0.001,10471,
2017-11-16,2452811.84357,23371,506503968.0,5.07,24087100.0,8.88264e-05,13.60406232,0.001,7691,
2017-11-17,2395733.43689,18660,474591776.0,4.75,18777000.0,3.88075e-05,12.4650305,0.001,3782,
2017-11-18,1599037.72628,18344,476544512.0,4.77,26020400.0,4.04019e-05,12.30903607,0.001,3807,
2017-11-19,3723512.53824,23336,528278208.0,5.28,20869400.0,7.61376e-05,14.974065,0.001,6720,
2017-11-20,1912405.3219,43213,512581504.0,5.13,22272000.0,8.2593e-06,36.23705714,0.001,24669,
2017-11-21,1415333.32914,20182,525616448.0,5.26,23353900.0,4.12384e-05,14.12863289,0.001,3762,
2017-11-22,2278913.77708,24112,519833504.0,5.2,26343100.0,4.0404e-05,16.48707627,0.001,5264,
2017-11-23,2457199.81226,25315,529435488.0,5.29,21305100.0,4.94086e-05,42.02217592,0.001,7214,
2017-11-24,1584893.53619,22587,519100032.0,5.19,22424900.0,3.77313e-05,15.58007414,0.001,4882,
2017-11-25,1559323.55654,21219,521531168.0,5.22,20520600.0,3.58092e-05,14.96907154,0.001,3905,
2017-11-26,2712302.72531,25763,535980640.0,5.36,25667300.0,4.00928e-05,18.93508632,0.001,11918,
2017-11-27,3147741.19727,28500,567161536.0,5.67,25029600.0,2.42676e-05,19.59910634,0.001,15648,
2017-11-28,1950320.23338,13248,562374080.0,5.62,26201500.0,0.0001977116,7.19658431,0.001,4255,
2017-11-29,5603444.42264,20595,590959808.0,5.91,30996500.0,5.54358e-05,15.09558878,0.001,5725,
2017-11-30,3190385.36032,29291,523238752.0,5.23,25549500.0,4.84298e-05,57.74609114,0.001,10745,
2017-12-01,1580497.11746,21392,483938688.0,4.84,26090100.0,2.9282e-05,15.95707631,0.001,5669,
2017-12-02,3047440.93821,20795,579353664.0,5.79,30325700.0,4.58568e-05,13.77959589,0.001,4709,
2017-12-03,5079117.10626,25604,609449024.0,6.09,33036700.0,6.09e-05,18.61753447,0.001,8680,
2017-12-04,3962300.13278,28345,620558144.0,6.21,30419300.0,3.60801e-05,20.72958928,0.001,7324,
2017-12-05,10052533.1254,28204,668740416.0,6.69,40875800.0,1.58553e-05,20.30543757,0.001,19501,
2017-12-06,5617827.55519,32479,738347136.0,7.38,52074900.0,3.5424e-05,25.00095928,0.001,12705,
2017-12-07,22047479.8199,28321,852135744.0,8.52,61751500.0,0.0001697184,58.73644529,0.001,13404,
2017-12-08,20652940.3131,12721,871405824.0,8.71,45781100.0,0.000390208,5.26287672,1e-08,5112,
2017-12-09,5927679.74074,13265,841211520.0,8.41,47394900.0,0.0004458982,5.14158339,1e-08,4215,
2017-12-10,6240128.91033,18526,875584768.0,8.76,57336900.0,0.0005660274,9.33319243,0.001,7683,
2017-12-11,11074051.1924,35833,972863552.0,9.73,74140496.0,2.30601e-05,27.20608851,0.001,26372,
2017-12-12,17952308.2193,15936,1122862208.0,11.23,103848000.0,0.000671554,7.55708677,1e-08,5595,
2017-12-13,8859444.61597,20085,1523380096.0,15.23,75995504.0,0.0006858069,6.47113643,1e-08,5212,
2017-12-14,10317748.7764,24779,1355560576.0,13.56,55002000.0,0.0008648568,51.67834158,1e-08,10224,
2017-12-15,21028041.1392,25301,1354617472.0,13.55,95357504.0,0.00072899,9.61094683,1e-08,7853,
2017-12-16,12751928.3499,24266,1355532928.0,13.56,69311000.0,0.000681051,8.40115891,1e-08,6714,
2017-12-17,17183018.236,28061,1339201792.0,13.39,64376200.0,0.0007438145,12.86386939,1e-08,10414,
2017-12-18,16428237.1032,50571,1363155968.0,13.63,102357000.0,0.0001363,34.10416502,0.001,29852,
2017-12-19,23281986.8795,32103,1563344896.0,15.63,114641000.0,0.0006584919,14.46317688,1e-08,8327,
2017-12-20,12655143.3574,34548,1602310400.0,16.02,81905696.0,0.0005816862,15.58009998,1e-08,8782,
2017-12-21,10593845.5706,46204,1529024896.0,15.29,90875600.0,0.0003992219,72.60516918,0.001,13936,
2017-12-22,10060387.0047,20776,1613895168.0,16.14,71699504.0,0.0012441519,18.68452243,0.001,7352,
2017-12-23,11328715.7372,28829,1267053568.0,12.67,88401104.0,0.0002321144,28.44339539,0.001,7330,
2017-12-24,12169016.83,28987,1447000448.0,14.47,59222600.0,0.0001928851,28.35504641,0.001,9526,
2017-12-25,41242605.034,6395,1393477376.0,13.93,65545300.0,174.93294,5.81400632,0.001,4688,
2017-12-26,13176408.6899,9964,1431339136.0,14.31,65504500.0,0.01030455945,9.98600051,0.001,5489,
2017-12-27,12993331.344,44099,1432161024.0,14.32,54343300.0,1.79e-05,44.7205,0.001,27986,
2017-12-28,6517386.35459,19688,1358301184.0,13.58,48273000.0,0.0003310125,71.22650504,0.001,9268,
2017-12-29,11698580.7733,5172,1286751232.0,12.87,64926900.0,59.2347576892,4.07751147,0.001,3776,
2017-12-30,14050240.6843,11895,1363619456.0,13.64,49173200.0,0.0003381356,19.1255,0.001,4494,
2017-12-31,5491131.65412,46177,1169780096.0,11.7,50113900.0,1.5678e-05,51.12050736,0.001,31017,
2018-01-01,2876890.92971,18836,1262604032.0,12.63,43302300.0,0.0001055868,17.39350057,0.001,4791,
2018-01-02,8469336.8795,23390,1253639552.0,12.54,61136300.0,0.000102828,23.10030501,0.001,5718,
2018-01-03,10413245.6626,26371,1331821440.0,13.32,53810900.0,0.0001214784,29.166027,0.001,6277,
2018-01-04,14678719.8244,76467,1306405632.0,13.06,65343400.0,1.306e-07,124.5993406,0.001,10998,
2018-01-05,6732910.21205,4017,1245137920.0,12.45,65668300.0,37.28775,3.3330085,0.001,3459,
2018-01-06,7988208.82555,5420,1201903872.0,12.02,59738700.0,25.2606627328,4.65230513,0.001,4004,
2018-01-07,14749238.729,37940,1287403776.0,12.87,56240800.0,2.00772e-05,37.61930733,0.001,30231,
2018-01-08,7939230.55846,21374,1284772096.0,12.85,72190304.0,6.225825e-05,20.3514787,0.001,6506,
2018-01-09,13567131.4708,34844,1353298816.0,13.53,62959200.0,8.61861e-05,34.36619614,0.001,13587,
2018-01-10,8656955.70744,69791,1303834112.0,13.04,62348700.0,1.304e-07,69.52985476,0.001,9233,
2018-01-11,14366985.3777,11586,1265243008.0,12.65,46240500.0,0.075523789,62.44644286,0.001,9168,
2018-01-12,5339119.34794,6938,1078326016.0,10.78,43342800.0,8.6697565724,8.79953819,0.001,4884,
2018-01-13,7155951.4883,10787,1134721152.0,11.35,42000200.0,0.01135,64.814942,0.01,8058,
2018-01-14,8407844.02005,5431,1184515840.0,11.85,46611100.0,23.68815,4.27545827,0.001,3911,
2018-01-15,7330916.61016,5500,1102429440.0,11.02,47209300.0,27.5142069849,4.59726569,0.001,4046,
2018-01-16,5344942.08296,5385,1083459200.0,10.83,42325600.0,29.03673537,5.93905684,0.001,3511,
2018-01-17,5598074.23826,8394,835623616.0,8.36,86632304.0,0.1672,7.93500001,0.001,4406,
2018-01-18,4656717.85887,20500,847572352.0,8.48,35228000.0,0.0005432712,72.59692484,0.001,10159,
2018-01-19,5004144.21218,19209,850896768.0,8.51,45279300.0,4.02523e-05,19.63704761,0.001,5682,
2018-01-20,4988782.32266,30530,888258816.0,8.88,51892200.0,3.26784e-05,28.93949837,0.001,7098,
2018-01-21,6316766.80173,42680,964860544.0,9.65,36459600.0,4.06265e-05,97.51031435,0.001,11595,
2018-01-22,5779539.98084,89602,838233024.0,8.38,30657000.0,8.38e-08,89.54090872,0.001,6611,
2018-01-23,3369506.36965,41119,828236608.0,8.28,37418900.0,2.07e-06,42.17552789,0.001,6157,
2018-01-24,4880756.34232,52302,819666496.0,8.2,45927300.0,8.2e-08,51.73657402,0.001,6152,
2018-01-25,4789750.38034,29309,891993344.0,8.92,38346500.0,5.3966e-05,82.40534086,0.001,12130,
2018-01-26,4656999.49274,4935,903952384.0,9.04,34796200.0,0.15389018,6.05135044,0.001,3620,
2018-01-27,3701323.89092,4931,894906048.0,8.95,39528900.0,0.0895,3.4638677,0.001,3679,
2018-01-28,7254777.39512,12192,916625664.0,9.17,34527300.0,0.0031964786,67.65650936,0.01,8621,
2018-01-29,3538881.54824,20660,918718144.0,9.19,33554900.0,3.55653e-05,19.46446159,0.001,5826,
2018-01-30,11909797.0199,25597,870973696.0,8.71,29051000.0,2.49977e-05,26.32975,0.001,5523,
2018-01-31,2208666.91199,6485,762709312.0,7.63,27535700.0,0.00763,6.995361,0.001,3933,
2018-02-01,3548089.09577,10706,769864256.0,7.7,27774000.0,0.011206118,64.75042588,0.01,8683,
2018-02-02,5360553.74551,5196,664535872.0,6.65,26726300.0,0.668325,5.77932169,0.001,3614,
2018-02-03,2259600.31451,8060,621154496.0,6.21,23023200.0,6.96141e-05,6.85951992,0.001,3951,
2018-02-04,1805603.73145,24412,663751552.0,6.64,25765100.0,5.18584e-05,81.97937836,0.001,10162,
2018-02-05,5987959.89192,21534,571019008.0,5.71,22395200.0,2.10128e-05,30.53150668,0.001,5611,
2018-02-06,4820822.41759,25036,453887808.0,4.54,20248500.0,1.39378e-05,24.24361782,0.001,5566,
2018-02-07,3894756.50615,23957,501033056.0,5.01,16135000.0,1.38276e-05,23.606864,0.001,5185,
2018-02-08,1311300.62024,33532,492456384.0,4.92,31567200.0,2.22876e-05,88.61363275,0.001,11105,
2018-02-09,2764199.35125,18734,559784192.0,5.6,24332800.0,2.3296e-05,18.57225102,0.001,6100,
2018-02-10,4055057.87747,5373,606150848.0,6.06,29552400.0,0.86052,5.42683,0.001,3273,
2018-02-11,2413059.03261,11879,571865216.0,5.72,21599600.0,0.0014718132,70.07784043,0.01,8423,
2018-02-12,2706609.79567,4630,548601600.0,5.49,20167600.0,0.0681118497,2.76834044,0.001,3532,
2018-02-13,5839227.786,3514,574298048.0,5.74,17030400.0,5.74,2.653236,0.001,2613,
2018-02-14,1589922.98194,3458,558951808.0,5.59,20068500.0,6.345921166,2.647843,0.001,2600,
2018-02-15,6814190.41415,12957,641992448.0,6.42,61670200.0,0.00642,68.92634599,0.001,9530,
2018-02-16,6007967.5176,7875,800093184.0,8.0,44143700.0,0.00922064,8.90322327,0.001,4580,
2018-02-17,4220044.58981,4836,788331584.0,7.88,34458200.0,1.0601096778,3.30385503,0.001,3685,
2018-02-18,3906198.72034,12992,784044224.0,7.84,40081300.0,0.002148356,72.3953525,0.01,8976,
2018-02-19,3275912.78349,4698,753733376.0,7.54,37813100.0,7.5102147757,3.20535452,0.001,3626,
2018-02-20,16095322.3359,4450,810037824.0,8.1,46087500.0,23.728359753,3.49785288,0.001,3302,
2018-02-21,5655061.68073,5459,801955008.0,8.02,39877300.0,8.9022603906,4.625856,0.001,3980,
2018-02-22,8569562.42298,16058,725645568.0,7.26,28774100.0,0.00726,73.50122087,0.001,11330,
2018-02-23,3021077.94641,11030,657938560.0,6.58,24788900.0,0.00658,11.55635873,0.001,5572,
2018-02-24,3242420.07742,9255,675317184.0,6.75,20271100.0,0.00675,8.3853503,0.001,4148,
2018-02-25,3697060.19022,25370,655882816.0,6.56,20420000.0,6.0516e-05,85.01936087,0.001,10399,
2018-02-26,4553965.63203,29159,648960576.0,6.49,21780800.0,5.09465e-05,27.3643706,0.001,12891,
2018-02-27,4151928.80841,22864,670969536.0,6.71,23597200.0,2.83833e-05,21.88357187,0.001,5938,
2018-02-28,6275893.29698,7219,661896576.0,6.62,23822800.0,0.0331,6.388873,0.001,4767,
2018-03-01,6591973.67332,12537,630493888.0,6.3,23214300.0,0.0063,11.04668494,0.001,9529,
2018-03-02,2575320.08966,6136,662554752.0,6.63,19421300.0,0.0396332781,6.60635326,0.001,4242,
2018-03-03,1673685.00565,3385,665874880.0,6.66,19895900.0,1.1840806008,2.502886,0.001,2589,
2018-03-04,1837637.42704,14746,688940608.0,6.89,22357700.0,0.001098266,74.68840998,0.001,9424,
2018-03-05,1813968.93975,8639,685839104.0,6.86,26863300.0,0.0343,6.81490758,0.001,5772,
2018-03-06,1690798.78318,4078,675704576.0,6.76,23312400.0,0.9191273884,3.643708,0.001,2990,
2018-03-07,4068260.50597,3889,616233984.0,6.16,27654600.0,7.117621896,2.88691598,0.001,2836,
2018-03-08,7581634.53474,11062,620428928.0,6.2,31160000.0,0.009595368,10.26892203,0.001,9169,
2018-03-09,3273005.95872,5527,583695104.0,5.84,25548400.0,0.00584,6.73327324,0.001,3857,
2018-03-10,1033456.40981,6768,586980224.0,5.87,18057800.0,0.02935,5.83294001,0.001,4470,
2018-03-11,2074417.57822,12859,552341568.0,5.52,21654300.0,0.0015503472,78.19345025,0.01,9414,
2018-03-12,1067018.2994,5361,588248896.0,5.88,25160400.0,0.0020970432,3.4509626,0.001,3565,
2018-03-13,8087812.84593,6923,555724544.0,5.56,22695500.0,0.0278,6.32375897,0.001,4778,
2018-03-14,3436117.50825,10172,555433984.0,5.55,22462700.0,0.02775,9.271966,0.001,6990,
2018-03-15,3367767.81195,13959,498313248.0,4.98,24144400.0,0.0059646456,12.78447222,0.001,10602,
2018-03-16,3864067.10393,10379,521500640.0,5.22,21433900.0,5.22,11.92133031,0.001,4438,
2018-03-17,1314221.60709,13418,501287648.0,5.01,19627900.0,5.01,11.78697773,0.001,4785,
2018-03-18,3431749.83917,22755,458336320.0,4.58,22563500.0,0.0082464274,84.10907944,0.001,9990,
2018-03-19,2596278.76294,27800,438969024.0,4.39,19329400.0,0.00439,26.27297756,0.001,6605,
2018-03-20,2421881.23006,21826,484952736.0,4.85,23723900.0,4.8209e-05,21.18657401,0.001,3854,
2018-03-21,1978188.39419,22927,502947200.0,5.03,21143800.0,4.0743e-05,22.85100105,0.001,3470,
2018-03-22,1519350.9185,29145,500172096.0,5.0,20288200.0,0.0013451,28.13998031,0.001,10545,
2018-03-23,4890092.6854,100173,481541504.0,4.82,18434200.0,9.64,111.91542445,0.001,7640,
2018-03-24,4699420.30283,149558,476921696.0,4.77,22757700.0,14.30523,155.8669953,0.001,7066,
2018-03-25,2950654.38024,114387,469816928.0,4.7,20281200.0,9.4,176.46500031,0.001,12574,
2018-03-26,4302498.10021,92438,472671136.0,4.73,18962800.0,14.18527,97.9310006,0.001,6952,
2018-03-27,2549539.64567,62197,437310464.0,4.37,18969500.0,13.10563,258.96420098,0.001,5912,
2018-03-28,4870540.57704,167714,411667008.0,4.12,20722100.0,12.35588,167.806001,0.001,4924,
2018-03-29,5351911.46841,95527,425720512.0,4.26,19824800.0,12.77574,97.29050633,0.001,11045,
2018-03-30,2025150.84746,64711,366828192.0,3.67,18422800.0,11.00633,71.46349744,0.001,6139,
2018-03-31,985081.983971,37224,357994144.0,3.58,16178400.0,10.73642,35.47201347,0.001,6393,
2018-04-01,1905928.03001,78483,363079328.0,3.63,17474100.0,7.26,1152.21922339,0.001,12651,
2018-04-02,3972997.93958,99246,350645984.0,3.51,21036900.0,10.52649,102.76002999,0.001,7222,
2018-04-03,3175191.07834,46656,376084864.0,3.76,25762400.0,11.28,45.88542398,0.001,5093,
2018-04-04,2577072.14068,70470,406248992.0,4.06,16433600.0,12.17594,191.913022,0.001,7543,
2018-04-05,1740141.2842,63820,361055424.0,3.61,18183800.0,7.22,62.70253035,0.001,12805,
2018-04-06,2735726.83961,99407,353468224.0,3.53,14229200.0,10.58647,98.29402546,0.001,6860,
2018-04-07,2094616.43356,74807,339530240.0,3.4,18526000.0,10.2,77.54253554,0.001,5937,
2018-04-08,1580747.67743,68258,355191456.0,3.55,16253800.0,7.1,1152.14703305,0.001,12368,
2018-04-09,2847700.17934,64381,364427360.0,3.64,15736200.0,10.91636,63.06554003,0.001,6750,
2018-04-10,2798819.2027,73925,347681248.0,3.48,16422300.0,10.43652,73.14352804,0.001,7673,
2018-04-11,3541311.92809,67261,361349984.0,3.61,19941700.0,10.83,66.71752302,0.001,5126,
2018-04-12,2213905.29892,58296,380426112.0,3.8,21516200.0,7.6,95.401031,0.001,13471,
2018-04-13,2935612.07983,52852,417314848.0,4.17,26641100.0,12.50583,55.95652242,0.001,8520,
2018-04-14,3160197.96825,73764,430899328.0,4.31,26077800.0,12.92569,80.85654556,0.001,7886,
2018-04-15,4413750.3734,108096,467252864.0,4.67,26946800.0,9.34,1198.73254697,0.001,17003,
2018-04-16,3560006.57667,50484,491218848.0,4.91,26720800.0,9.82,48.55555212,0.001,10405,
2018-04-17,5632308.57782,89650,484635008.0,4.85,28594800.0,14.54515,89.19144401,0.001,7742,
2018-04-18,3655570.91963,46940,470780512.0,4.71,29511600.0,9.42,45.80304398,0.001,12519,
2018-04-19,5663740.3549,128042,496644416.0,4.97,30285200.0,14.90503,131.09700346,0.001,12100,
2018-04-20,3831215.2006,81904,523636832.0,5.24,36027400.0,15.71476,83.68655745,0.001,9075,
2018-04-21,5112924.5428,124178,535676896.0,5.36,28699900.0,16.07464,122.92605203,0.001,8362,
2018-04-22,2640350.34282,68395,514593600.0,5.15,26916600.0,10.3,1165.03155804,0.001,14024,
2018-04-23,4123747.64469,61258,516291712.0,5.16,30460200.0,15.47484,58.48556944,0.001,9431,
2018-04-24,3793364.49186,58437,556290048.0,5.56,36611400.0,11.12,57.69915096,0.001,11850,
2018-04-25,3645815.14871,49739,594975680.0,5.95,29605200.0,17.84405,48.69813,0.001,8064,
2018-04-26,4354577.99188,94466,513526912.0,5.14,30401600.0,15.41486,98.189052,0.001,14166,
2018-04-27,5698991.14881,109911,558858112.0,5.59,27561500.0,16.76441,108.15703895,0.001,5850,
2018-04-28,13769057.9017,150161,546983872.0,5.47,74545904.0,16.40453,155.22815804,0.001,8571,
2018-04-29,45518375.2131,95367,645884992.0,6.46,124324000.0,19.38,1191.91506681,0.001,24612,
2018-04-30,13677679.547,86085,701388608.0,7.01,52958700.0,21.02299,84.79251307,0.001,8202,
2018-05-01,8460221.07673,111805,671808896.0,6.72,36221300.0,20.15328,111.019901,0.001,4966,
2018-05-02,11106573.1229,142093,681143360.0,6.81,43600200.0,20.42319,140.02419201,0.001,7484,
2018-05-03,8847820.41506,68266,744796672.0,7.45,46859200.0,14.9,70.30654258,0.001,14761,
2018-05-04,11871730.863,60243,782882432.0,7.83,39694400.0,23.48217,63.14553203,0.001,6365,
2018-05-05,6744406.18823,65743,771461184.0,7.71,34997800.0,23.12229,65.72050044,0.001,4239,
2018-05-06,4681849.28131,71735,734416896.0,7.34,29302600.0,14.68,1170.97551597,0.001,13442,
2018-05-07,6103524.26404,82279,695073728.0,6.95,30819700.0,20.84305,82.12651005,0.001,8647,
2018-05-08,4455133.75541,63584,666541696.0,6.67,29039900.0,20.00333,64.5215,0.001,5360,
2018-05-09,5984087.38208,115774,648229312.0,6.48,31702700.0,19.43352,116.7755,0.001,7616,
2018-05-10,6908618.52048,114258,669293952.0,6.69,30911200.0,13.38,117.70950462,0.001,11737,
2018-05-11,6682564.90105,97204,646550720.0,6.47,30847200.0,19.40353,101.96846086,0.001,8177,
2018-05-12,6442245.55546,139471,596214592.0,5.96,27323400.0,17.87404,143.6595,0.001,5156,
2018-05-13,5194291.39631,78283,624511872.0,6.25,29907500.0,12.5,1186.04601035,0.001,13614,
2018-05-14,4495278.11111,86001,660365888.0,6.6,32230800.0,19.7934,85.23406777,0.001,7023,
2018-05-15,5307576.05793,62092,660084288.0,6.6,32033500.0,19.7934,62.97440098,0.001,5339,
2018-05-16,12066533.107,53292,614388736.0,6.14,29288500.0,18.41386,53.57402,0.001,8155,
2018-05-17,6477951.80548,69029,617289600.0,6.17,27222400.0,12.34,72.11450359,0.001,14510,
2018-05-18,6696288.85064,80925,578461376.0,5.78,30762400.0,17.33422,83.40000256,0.001,8359,
2018-05-19,10022745.5298,120856,604512000.0,6.05,29222600.0,18.14395,120.8655,0.001,7398,
2018-05-20,4312342.44888,84245,590783616.0,5.91,28313700.0,11.81409,1212.47051317,0.001,14393,
2018-05-21,7055465.93312,117412,607133312.0,6.07,30064300.0,18.20393,116.98301019,0.001,7361,
2018-05-22,17264470.0633,86471,577884544.0,5.78,31049600.0,17.33422,86.16173901,0.001,7769,
2018-05-23,19042463.2878,73984,524563584.0,5.25,23755200.0,10.5,72.608922,0.001,8131,
2018-05-24,7086093.71666,108183,452596960.0,4.53,23032900.0,9.06,110.43743869,0.001,14536,
2018-05-25,3924593.67168,53033,476765696.0,4.77,20935600.0,14.30523,54.60826144,0.001,5771,
2018-05-26,3614550.86359,67998,446390208.0,4.46,21695600.0,8.92,71.1432429,0.001,5701,
2018-05-27,3245002.56638,79824,438741696.0,4.39,20537400.0,8.78,1207.86301261,0.001,10977,
2018-05-28,5221884.80084,115524,422319264.0,4.22,22225000.0,8.44,112.86149879,0.001,6472,
2018-05-29,3078849.30837,84531,388797984.0,3.89,24131500.0,11.66611,83.34098296,0.001,5378,
2018-05-30,7249408.12785,132070,430652416.0,4.31,29197700.0,8.62,131.21736,0.001,5148,
2018-05-31,6183473.15804,59679,402015552.0,4.02,32115900.0,8.04,61.68808858,0.001,12118,
2018-06-01,2511944.05349,75434,421112288.0,4.21,26609800.0,8.42,76.20917608,0.001,5858,
2018-06-02,3464519.37954,111620,415709792.0,4.16,25845600.0,8.32,110.41456171,0.001,5448,
2018-06-03,2917873.24487,73407,431181280.0,4.31,27913200.0,8.62,1204.27513554,0.001,11983,
2018-06-04,2645194.43172,44242,441319616.0,4.41,27343200.0,8.82,42.94544719,0.001,6097,
2018-06-05,3301303.69098,44062,411979488.0,4.12,26460700.0,8.24,42.60881798,0.001,5532,
2018-06-06,3447123.28844,59491,432676832.0,4.33,24931200.0,8.66,62.08346608,0.001,5491,
2018-06-07,4507697.89276,78720,432543040.0,4.33,29436400.0,8.66,139.746554,0.001,12182,
2018-06-08,9790279.65355,95415,455121056.0,4.55,42605100.0,9.1,101.98897406,0.001,6893,
2018-06-09,4651426.04671,52144,461654624.0,4.62,29148000.0,13.85538,57.133711,0.001,4810,
2018-06-10,4214923.51136,69158,438157120.0,4.38,22437400.0,8.76,1213.40569132,0.001,10274,
2018-06-11,2325481.03621,57690,380789856.0,3.81,20485500.0,7.62,57.31836562,0.001,5824,
2018-06-12,1234004.12606,1869,388516736.0,3.89,23858900.0,0.0252893568,17.28340296,0.001,1661,
2018-06-13,4846557.86121,2190,356252160.0,3.56,28242000.0,0.0052516764,12.47500117,0.001,8465,
2018-06-14,1703352.56836,1959,324668416.0,3.25,28851400.0,11.375,1.9655,0.001,1559,
2018-06-15,1647545.54094,3069,358006592.0,3.58,21531500.0,1.5751849998,5.18497602,0.001,2321,
2018-06-16,659879.563111,2456,340753760.0,3.41,21571600.0,0.0233996246,1.295186,0.001,2196,
2018-06-17,718697.477585,9657,347848448.0,3.48,16771900.0,0.0015306606,1161.90700417,0.15,7785,
2018-06-18,1246529.29881,3604,339204064.0,3.39,21505300.0,0.00339,1.47067003,1e-06,3205,
2018-06-19,929284.422887,2808,370022848.0,3.7,21524600.0,0.0037,2.398568,0.001,2524,
2018-06-20,3183631.58122,2991,360338272.0,3.6,25665000.0,0.023046444,2.3821842,0.001,3037,
2018-06-21,1928199.36986,3183,370121216.0,3.7,23635000.0,0.0037,5.40019157,0.001,9518,
2018-06-22,2773981.6564,4454,353978240.0,3.54,20929600.0,0.0164067318,5.50869542,1e-05,4121,
2018-06-23,1505563.69095,2636,291323776.0,2.91,22509900.0,0.00291,5.79419142,0.001,2610,
2018-06-24,2038143.29956,11513,292704288.0,2.93,20921300.0,0.0027026906,1174.72570207,0.15,9915,
2018-06-25,902334.881167,6998,271395552.0,2.71,20366700.0,0.0174524,5.15721358,0.001,7034,
2018-06-26,1091407.79979,5641,276565536.0,2.77,17806900.0,0.00277,5.43030808,0.001,6388,
2018-06-27,1773476.32591,2095,258857696.0,2.59,39263300.0,0.02049328435,3.2895,0.001,3573,
2018-06-28,1069364.36199,3870,279126656.0,2.79,25903200.0,0.00279,6.6620456,0.001,11245,
2018-06-29,1703283.5531,3433,255215008.0,2.55,16409900.0,0.00255,2.77715244,0.001,4837,
2018-06-30,1170630.32117,3268,259274000.0,2.59,32676600.0,0.0083351121,5.483224,0.001,3225,
2018-07-01,561267.845374,1645,292527008.0,2.93,16877300.0,0.1465,1.66300142,0.001,1550,
2018-07-02,753149.984993,10420,286245984.0,2.86,19161600.0,0.0015280408,1176.71201318,0.15,8387,
2018-07-03,663536.997935,1599,310753024.0,3.11,18132300.0,3.11,2.16460284,0.001,1387,
2018-07-04,903048.951188,2209,300191008.0,3.0,13212500.0,0.03,20.753877,0.001,2036,
2018-07-05,594963.052702,4400,301735008.0,3.02,13352800.0,0.00604,6.84423763,0.001,10650,
2018-07-06,1361112.16012,3687,294504000.0,2.95,15700300.0,0.00813121775,5.36268949,0.001,3588,
2018-07-07,388813.342561,3452,299485984.0,2.99,13137700.0,0.00299,2.379231,0.001,3466,
2018-07-08,427956.535635,11954,303254016.0,3.03,11797800.0,0.00196427325,1197.23774138,0.15,10639,
2018-07-09,413845.626574,4684,301862016.0,3.02,11281800.0,0.00302,31.20374455,1e-06,4470,
2018-07-10,876318.972256,2773,296784000.0,2.97,12811600.0,0.01062073485,25.41300744,0.001,2958,
2018-07-11,728763.918418,1972,267834992.0,2.68,11540600.0,0.2114377156,24.014,0.001,2220,
2018-07-12,734684.618679,2124,273391008.0,2.73,11593800.0,0.0032630052,21.27100409,0.001,9113,
2018-07-13,526597.372973,6506,262652992.0,2.63,10483400.0,2.63e-08,27.48801199,0.001,2718,
2018-07-14,300184.464735,1447,268251984.0,2.68,10825100.0,0.00268,17.033,0.001,4120,
2018-07-15,471393.697442,9112,275312000.0,2.75,8995280.0,0.0017963,1188.05200157,0.15,9236,
2018-07-16,510224.150049,2723,275886016.0,2.76,12620400.0,0.0276,17.87851331,0.001,2949,
2018-07-17,1351178.10909,2239,292301984.0,2.92,16767700.0,3.504,66.8865,0.001,1484,
2018-07-18,1726876.52527,3460,311093984.0,3.11,20361000.0,0.01698061555,182.859122,0.001,2197,
2018-07-19,1703688.67507,5297,307619008.0,3.08,14912200.0,0.0032702824,258.53550416,0.001,9620,
2018-07-20,1890736.37009,2525,290079008.0,2.9,17149900.0,0.029,3.785,0.001,3611,
2018-07-21,466315.657447,1184,287036992.0,2.87,13783100.0,0.17794977235,5.21,0.001,2029,
2018-07-22,2472509.30221,1495,292875008.0,2.93,16725400.0,33.5387930272,1.515,0.001,1048,
2018-07-23,1544078.50275,2241,275550016.0,2.76,14873300.0,0.0015898014,6.7515,0.001,8790,
2018-07-24,1696796.74077,2035,271216000.0,2.71,16611800.0,88.4543476428,2.107,0.001,1244,
2018-07-25,855544.973284,1693,266448992.0,2.66,13165000.0,18.62,2.318,0.001,1169,
2018-07-26,986227.308208,1771,271130976.0,2.71,11437500.0,0.0040462197,5.626,0.001,8688,
2018-07-27,636575.466055,2580,264315008.0,2.64,11130900.0,5.26944,2.44530294,0.001,2274,
2018-07-28,412193.697765,1543,266734000.0,2.67,13859200.0,5.32932,5.301,0.001,1833,
2018-07-29,269082.391511,1252,270644000.0,2.71,12122400.0,0.0011748392,5.148,0.001,7187,
2018-07-30,759675.177784,2501,265784001.0,2.66,13146100.0,0.0565327406,2.7295,0.001,2405,
2018-07-31,1592395.97311,3464,257130170.0,2.57,8515840.0,132.57703258,3.559,0.001,1157,
2018-08-01,1978057.11243,4557,237433529.0,2.37,6048860.0,135.09,5.8045,0.001,1533,
2018-08-02,3891541.74948,4362,226770639.0,2.27,14925900.0,0.0087635847,9.61426316,0.001,9103,
2018-08-03,1783082.6847,5282,187668157.0,1.88,8055990.0,44.7566131456,5.195306,0.001,2021,
2018-08-04,991187.481088,2507,185864210.0,1.86,4921980.0,46.5,6.5135,0.001,1619,
2018-08-05,777930.833435,2251,182279003.0,1.82,3437270.0,0.0014547624,6.4685,0.001,7445,
2018-08-06,836856.705712,3138,187073839.0,1.87,3375840.0,9.35,3.3485,0.001,2024,
2018-08-07,879948.520917,2386,183502817.0,1.84,5663310.0,33.12,2.484,0.001,1411,
2018-08-08,801405.791084,3061,176295137.0,1.76,5172200.0,1.76,3.2555,0.001,1665,
2018-08-09,630159.461752,3134,168085420.0,1.68,4029810.0,0.005382972,7.556,0.001,8653,
2018-08-10,1551898.54823,3430,177978671.0,1.78,7980710.0,16.019923638,3.49080753,0.001,1447,
